id,domain,status,purchase_price,renewal_price,attractiveness,demand,length,registrar,created_at,expires_at
0004f22a-43da-4956-a1b4-694319325a4c,getthejobdone.now,available,49.98,,74,2,16,namecheap,,
0009e4e2-9c65-4531-82bc-2f69e6ba3019,talked.now,available,49.98,,62,6,6,namecheap,,
000ac7e4-82e0-4f48-9300-cef994b3115f,differed.now,available,38.99,38.99,48,2,8,namesilo,,
005437ce-0bfe-452f-9da9-f919667ff56e,tartarsauce.now,available,49.98,,76,2,12,namecheap,,
005739ed-3ccd-4ecb-8c2a-2ccc15adf202,Frenchicecream.now,available,49.98,,72,1,16,namecheap,,
007dadd9-baca-4ccd-b400-888c18cfc41c,justso.now,available,49.98,,62,7,7,namecheap,,
00afc631-e836-4889-927b-b78897beea8e,precautions.now,available,49.98,,48,2,11,namecheap,,
00bc71d2-88a2-498b-94c2-eac5978abe56,chickensalad.now,available,49.98,,76,3,13,namecheap,,
00c1a0ea-a1c4-4ab7-902b-00cb71d812b2,cheeseit.now,available,49.98,,54,2,9,namecheap,,
00db0073-e07e-40a7-9672-d52ddf0a4b5b,Icouldeatahorse.now,available,49.98,,50,1,19,namecheap,,
00e28807-681f-4b98-904d-7a744fca9112,incheck.now,available,49.98,,46,5,8,namecheap,,
00f4184a-c2f9-4eb7-9a5e-512f6a6ea965,goingbad.now,available,38.99,38.99,46,1,9,namesilo,,
01086cc6-b01e-4f56-8e40-ec9cee4d85b0,posterpaint.now,available,49.98,,74,2,12,namecheap,,
010ed01c-0484-4acf-8537-4aaf44934f1e,breeds.now,available,38.99,38.99,60,4,6,namesilo,,
010fc917-3b63-4f4b-95d0-50831ce75ac6,organisational.now,available,49.98,,54,1,14,namecheap,,
0120bfae-6ef4-43b4-9e73-3b2269ae972d,roastpork.now,available,49.98,,76,1,10,namecheap,,
01259c3c-664f-4209-adba-fa19b994f8c7,divineinspiration.now,available,49.98,,56,1,18,namecheap,,
014c44cd-21ee-49a4-9001-dd20e53a18c5,twits.now,available,38.99,38.99,46,3,5,namesilo,,
01573429-5190-4a15-9eee-42403494250b,gothroughwith.now,available,38.99,38.99,58,1,15,namesilo,,
0157b572-3b71-498c-8153-8c9499bccab8,dues.now,resell,,,70,6,4,Dynadot Inc,23/10/2025 23:38,23/10/2026 23:38
016c3bcb-61c8-4ee6-8060-5b37468f57d8,proxybattle.now,available,49.98,,44,1,12,namecheap,,
01785d86-2051-4a0e-93e3-0f07e6eceb1d,objectives.now,available,49.98,,54,5,10,namecheap,,
018da402-86c2-41ba-9adb-01f5e5a71ee7,cometorest.now,available,49.98,,70,1,12,namecheap,,
01d55f70-c908-4072-9bab-4f4e00b263d5,werewolves.now,premium,116,116,44,7,10,namesilo,,
01e4b1b0-be7d-4e4f-8d80-52a7826e08b6,getonto.now,available,49.98,,74,3,9,namecheap,,
020f1ac3-3be6-45ed-94dc-1104abed99a2,letitbe.now,available,49.98,,89,7,9,namecheap,,
02401126-5480-443c-a8d7-efca972d1496,keypress.now,available,49.98,,76,5,9,namecheap,,
0242b21a-75e1-4c09-bae5-4f28661fc49f,ribbons.now,available,38.99,38.99,56,9,7,namesilo,,
0263689c-f2ef-41e5-9081-965f83a78cfa,backtoback.now,available,49.98,,72,5,12,namecheap,,
026babd9-1b4e-4617-a77c-c12ac59ba8b1,estateagency.now,available,49.98,,42,4,13,namecheap,,
0279ca1b-2159-4205-8b88-2611eb02a248,rakeout.now,available,49.98,,66,1,8,namecheap,,
02943d89-69e0-4a4a-ac18-b36b7ee32a07,gonegative.now,available,49.98,,66,1,11,namecheap,,
02a8f7a5-1ded-469f-811b-c8b76b1d0416,distinctiveness.now,available,38.99,38.99,72,1,15,namesilo,,
02ab5003-1907-439a-9b63-f97844766f97,ifyouwill.now,available,49.98,,61,2,11,namecheap,,
02cfe6e0-b5c4-4187-b6f7-d68a2f429227,alcoholusedisorder.now,available,49.98,,48,1,20,namecheap,,
02d1228b-1c26-4341-9ff1-55ab012b45fa,HarryPotter.now,available,49.98,,72,20,12,namecheap,,
02ec767a-5ac2-4203-8db4-88eb0012a6ef,birches.now,available,38.99,38.99,57,4,7,namesilo,,
02ee5555-2974-41e3-aa7b-78bc36a9498f,accountstated.now,available,49.98,,40,2,14,namecheap,,
02fe73f1-2097-41d5-998f-dd88d49c2581,ounces.now,available,49.98,,47,4,6,namecheap,,
02feaa32-dc88-40cf-90ed-afae4a8ddb29,affirmation.now,available,49.98,,82,10,11,namecheap,,
0338cddc-7b47-46ce-8e4b-b77a121f9934,inshorttrousers.now,available,49.98,,58,1,17,namecheap,,
0360be82-b7af-454a-9156-5049e5bbe418,gobackalongway.now,available,49.98,,66,1,18,namecheap,,
03620c32-512c-47b2-ac0a-42afb97c12d9,scoopthepool.now,available,49.98,,44,1,14,namecheap,,
036e20a5-ecf5-4feb-9690-ac0c4e13bb90,pullover.now,premium,125,,74,4,9,name.com,,
03714080-628a-4649-b96c-08d3af7f9b9e,oranything.now,available,49.98,,44,1,11,namecheap,,
0376c40d-8a15-4033-955e-32eb9db8d4ef,makeupremover.now,available,49.98,,70,2,14,namecheap,,
039fbe38-fc44-4ddb-8011-c53501962856,involves.now,available,38.99,38.99,58,3,8,namesilo,,
03a32cd2-9474-4b4f-b0f6-4eabcaf936f3,nonsmoking.now,available,49.98,,68,3,11,namecheap,,
03bbd88d-2eb1-4dcd-bf14-80b9972d5b5d,thongs.now,available,38.99,38.99,50,5,6,namesilo,,
03c0c32d-f1b4-4c53-90c4-edef3be5b0e9,girls.now,resell,,,83,23,5,Porkbun LLC,26/10/2024 03:02,26/10/2026 03:02
03d68688-f6d9-4a99-a203-e1c320150eb8,MardiGras.now,resell,,,78,10,10,Unstoppable Domains Inc.,10/10/2024 00:34,10/10/2026 00:34
03de5a4a-55e5-4be1-b88b-d98d30989b57,coffeeandcakes.now,available,49.98,,72,2,16,namecheap,,
03e10748-34f4-423f-aa6e-845704a72cef,structurally.now,available,49.98,,48,3,12,namecheap,,
03e4cad5-74a4-44d6-acc8-3ea6391ec973,slipthrough.now,available,49.98,,66,1,12,namecheap,,
03f47361-fc8a-440a-99eb-e72c56fe3969,slowed.now,available,49.98,,48,3,6,namecheap,,
03f59449-1950-475a-9a97-1ef68031cd90,commonknowledge.now,available,49.98,,72,5,16,namecheap,,
03f9b2d8-4b7d-48b5-a851-d04a8becc95b,overstatement.now,available,49.98,,54,2,13,namecheap,,
04074225-83b2-492c-8290-c78633072094,turnsback.now,available,38.99,38.99,53,1,10,namesilo,,
04295ad4-b579-4433-bdbf-433c8f62d233,leavetochance.now,available,49.98,,64,1,15,namecheap,,
042e4a52-6569-4c57-ab1f-244c83b686c7,personals.now,available,38.99,38.99,47,8,9,namesilo,,
0433720b-d289-4afc-b323-1b340916f158,turnsup.now,available,38.99,38.99,56,1,8,namesilo,,
0433ecb0-6cd5-4797-9c0a-d66f408857de,filets.now,available,38.99,38.99,66,2,6,namesilo,,
0446e892-80de-4a47-9b61-8455d4ce90cb,letthematterdrop.now,available,49.98,,47,1,19,namecheap,,
0455c10c-ce64-4b6f-81d1-347ed57895ce,comedies.now,premium,116,116,56,3,8,namesilo,,
04561f14-b873-4e59-bb5a-928eda16110b,offices.now,resell,,,60,16,7,Dynadot Inc,18/04/2026 19:45,18/04/2027 19:45
04583572-4880-49f9-a8b7-1d2b69c71ad5,revisions.now,available,38.99,38.99,52,5,9,namesilo,,
0478f0e2-be8d-42a4-b9c8-11283e74bbf7,stumps.now,available,49.98,,65,4,6,namecheap,,
04b7c9cb-7d3d-4b19-b600-89fed29a5ad8,pennies.now,available,49.98,,56,6,7,namecheap,,
04d64cde-be83-4bfc-a1f8-fee6737eb171,squeakyclean.now,available,49.98,,66,6,13,namecheap,,
04d6fcea-1f95-45d1-85c4-75bcbd624f79,vitalsign.now,available,49.98,,72,4,10,namecheap,,
04db0d04-e56a-48a5-a735-d4b2242c67b9,verb.now,premium,94166.57,,72,20,4,"Spaceship, Inc.",03/06/2025 07:46,03/06/2027 07:46
04f96e04-ab02-4c10-9845-c9cf98710764,takeajoke.now,available,49.98,,76,1,11,namecheap,,
04ff16c9-a806-4d04-ba2b-81c685f17594,Ihaveaheadache.now,available,49.98,,50,1,17,namecheap,,
05446a0d-5907-44e8-8898-f77510a2827a,females.now,available,49.98,,62,8,7,namecheap,,
05506c91-d2bd-4cf4-9a57-9d08947ea9bb,organdonation.now,available,49.98,,72,2,14,namecheap,,
056bb554-d494-4ac5-90b3-e8d24a77edbf,ladiesandgents.now,available,49.98,,68,2,16,namecheap,,
05841912-6dfa-4f0b-8154-c65b7a2fe0b6,leton.now,available,49.98,,76,5,6,namecheap,,
0589b5f7-972e-4ae3-bae0-152b51edfb45,pans.now,available,49.98,,52,8,4,namecheap,,
058a2078-c01a-40b5-882b-dcbaa5fb42fe,costofsales.now,available,49.98,,44,1,13,namecheap,,
05c0e539-7797-4ec6-982d-1e78370e750d,prejudices.now,available,49.98,,38,1,10,namecheap,,
05cbb83c-8fab-41a4-a02c-f96938598d08,vowels.now,available,38.99,38.99,52,5,6,namesilo,,
05ccc2dd-3eb2-419d-97c7-ff2ae3476e8b,squealed.now,available,49.98,,40,1,8,namecheap,,
05d9c66f-10c5-47f7-9a6a-f7cdd70feeb4,fundamentals.now,available,49.98,,74,15,12,namecheap,,
05dbd5f4-f207-4d0c-b4b6-d69d20b20d89,scootover.now,available,49.98,,66,2,10,namecheap,,
05df12f2-2359-4649-8a0e-c7833b1cdbcb,Snickers.now,available,49.98,,80,10,8,namecheap,,
05e04b2f-8b02-4b0a-ab45-a196c98546d1,justifications.now,available,38.99,38.99,44,1,14,namesilo,,
05e7f987-5f35-4bd8-8087-50447674cecf,shalt.now,available,49.98,,56,1,5,namecheap,,
0603438f-3155-4381-96f9-58ee35ba8a1d,flightattendants.now,available,38.99,38.99,40,2,17,namesilo,,
062a5620-2ffd-4ae8-a8b1-ed6109dc5ace,insofaras.now,available,49.98,,56,0,12,namecheap,,
0674b32b-5cb9-4628-9a6d-c0d559611ed7,Ihaveadisability.now,available,49.98,,50,1,19,namecheap,,
06a3a237-d5c7-4c28-bd6b-4ca307cf6a90,OKs.now,premium,116,116,68,13,3,namesilo,,
06b18cf5-ff90-4de6-b514-1657fb5a41ed,bloodpressuremeter.now,available,49.98,,48,1,20,namecheap,,
06b6ec80-b3d3-4cbf-8e4b-fd9ca45babc7,hasone.now,available,49.98,,54,1,7,namecheap,,
06da4b39-1684-4452-b489-8c41296ad98c,disinfection.now,available,49.98,,74,5,12,namecheap,,
070f8ffb-409e-4165-ba56-e1dc51234342,YankeeDoodle.now,available,49.98,,63,2,13,namecheap,,
07145c76-91ff-4df1-9965-2cceabf04800,finalstraw.now,available,49.98,,66,2,11,namecheap,,
0737afd7-72fd-4d15-9596-9e7ac6fa6c0a,negotiations.now,available,49.98,,56,6,12,namecheap,,
0741a361-be68-4433-8729-447b7ca8dfd3,scoopin.now,available,49.98,,68,1,8,namecheap,,
0744ac63-66da-49fc-bcd0-fa284ca4bc2f,Ilostmyhandbag.now,available,49.98,,50,1,17,namecheap,,
075c380b-00a7-40e2-be48-1c2d207ee0c5,coffeeberry.now,available,49.98,,80,4,12,namecheap,,
076a7528-8d34-44a8-ade1-dc3e35a2e900,gotheextramile.now,available,49.98,,66,2,17,namecheap,,
07730d64-451e-45fb-aa4a-86e7f7f6ab43,says.now,available,49.98,,58,10,4,namecheap,,
07945ded-8b75-4125-bd2d-15c92ed5bdaf,Frenchtoast.now,available,49.98,,80,7,12,namecheap,,
07b19f00-a67c-4641-8d29-2694b31e05f0,giveatry.now,available,49.98,,56,2,10,namecheap,,
07c77c6c-b537-4711-ac81-30bb044079f5,clovers.now,available,38.99,38.99,62,9,7,namesilo,,
07ebecc8-a8fd-46ef-80d9-ce20046832af,gobelow.now,available,49.98,,72,0,8,namecheap,,
08210c5e-ad96-4668-b2d5-2d3e93a1614d,RoyalMail.now,available,38.99,38.99,76,12,10,namesilo,,
08296cec-de6e-4317-98fd-b6e26a9adc8d,beonto.now,available,49.98,,74,1,8,namecheap,,
082ba504-ea70-4ee4-98a5-4184a49bdc5a,owns.now,available,49.98,,56,8,4,namecheap,,
08361709-3343-4f57-9b97-f0a2e8d1cc78,makenews.now,available,49.98,,80,1,9,namecheap,,
083fa56d-cd32-4d92-9d9c-4f2f529a03b7,SuezCanal.now,available,49.98,,58,3,10,namecheap,,
0849eccf-e9d4-4510-a123-f74768ee0c42,smiled.now,available,49.98,,66,5,6,namecheap,,
08558083-0570-497c-a03b-efc3fa1b9f9c,gusts.now,available,38.99,38.99,48,3,5,namesilo,,
088c7cb4-a1f6-4d91-a5ef-ee521735093f,fellowmelad.now,available,49.98,,62,1,13,namecheap,,
089baaa4-cea6-4164-8db9-fbd6f95fc46f,principally.now,available,49.98,,60,1,11,namecheap,,
08df8344-5081-44d1-a394-8284d5a45550,finalsweek.now,available,49.98,,52,1,11,namecheap,,
08e69b93-7b06-4651-a9fa-62ea9d4f5861,warned.now,available,49.98,,54,4,6,namecheap,,
090ca771-477d-445e-9640-85a0b2904b06,officials.now,available,49.98,,49,8,9,namecheap,,
093918a7-d636-4ee5-86df-9b71efe9eb4d,Occupations.now,available,49.98,,50,3,11,namecheap,,
093e4b44-651e-4425-bc58-b9c29f883b91,hookup.now,resell,,,76,16,7,Dynadot Inc,26/10/2024 06:53,26/10/2026 06:53
094ae22a-8788-4594-8b99-60da6db211a9,parkingfine.now,available,49.98,,46,2,12,namecheap,,
094ba530-2bba-49dc-a3c3-26a448a21a1f,tendered.now,available,49.98,,53,3,8,namecheap,,
097c3423-4b2e-4753-8d87-d94e37ef561d,intight.now,available,49.98,,50,1,8,namecheap,,
0986c788-9923-4bab-81a4-cf35955c857a,cloves.now,available,49.98,,60,5,6,namecheap,,
09ad8550-7901-4d45-9f2b-f673af75bb6c,rollinginit.now,available,49.98,,46,1,13,namecheap,,
09b2c841-eb97-448c-a50f-a8f5beb48479,VeniceBeach.now,available,49.98,,56,7,12,namecheap,,
09b87fe5-d22b-4216-8435-e269c4136e12,pumpup.now,available,49.98,,76,5,7,namecheap,,
09bd135a-6121-46a8-8ff3-23e927572f9d,switches.now,available,49.98,,58,7,8,namecheap,,
09f45083-49ce-4879-9dd4-0608b6db495f,makehistory.now,available,49.98,,86,4,12,namecheap,,
0a7b7387-a3fb-48cd-b3c7-426aa3e5679e,scratches.now,available,49.98,,60,4,9,namecheap,,
0a9e7027-dbe0-442a-beb2-e5ae072f5a13,underprotest.now,available,49.98,,30,1,13,namecheap,,
0aa4de5e-ef7c-4651-8bb6-44114059530c,throngs.now,available,49.98,,53,2,7,namecheap,,
0adfcfd7-d619-4171-80bc-14cbcb5a01ff,breastaugmentation.now,available,49.98,,66,5,19,namecheap,,
0af4dac8-bf7d-48e8-b179-994c91e23dbf,mountains.now,premium,125,,54,14,9,name.com,,
0b4a4446-f685-4e4f-9514-601e29bdd3ac,setthestage.now,available,49.98,,66,3,13,namecheap,,
0b59116a-d462-432b-be16-5acd8505dd40,savinggrace.now,available,49.98,,76,7,12,namecheap,,
0b8e2086-1e92-4708-afc0-efa67e2b7755,calendars.now,available,49.98,,50,13,9,namecheap,,
0b93468c-2cb9-4a20-a516-d9ece8477244,redial.now,available,49.98,,71,6,6,namecheap,,
0b9d1410-63a3-43c2-bb2b-4deb520dbfc2,comments.now,available,49.98,,52,10,8,namecheap,,
0b9dbaba-bab4-4a6a-89e0-36afca13f351,havingsex.now,available,38.99,38.99,58,1,10,namesilo,,
0bf7da3e-ddab-4405-979c-ab43b641123e,makeoneselfclear.now,available,49.98,,70,1,18,namecheap,,
0bffde1a-4995-401f-a662-7c4153425aa4,gingerbreadcookie.now,available,38.99,38.99,52,1,18,namesilo,,
0c0dfa6f-028a-46de-afea-567e851ad2aa,keepbooks.now,available,38.99,38.99,52,2,10,namesilo,,
0c193159-7549-4a60-ac1e-a3561b4de74f,gowithout.now,available,49.98,,75,1,10,namecheap,,
0c31e3ff-ae95-48ce-b017-008216812aab,amplifies.now,available,49.98,,56,2,9,namecheap,,
0c32c6a5-c397-46c4-aafb-60ceb4065b8c,ladiesandgentlemen.now,available,49.98,,70,3,20,namecheap,,
0c675655-0699-4091-9db6-82a292917a3d,movingforward.now,available,49.98,,56,8,14,namecheap,,
0c6fb211-ee73-4c30-9425-8f5c02a70b6f,exclaims.now,available,38.99,38.99,50,1,8,namesilo,,
0c863e13-df85-419b-ab4f-c4c3ea9bf183,numbers.now,resell,,,74,28,7,Dynadot Inc,04/12/2024 04:52,04/12/2026 04:52
0cdea636-3565-4118-97cd-302b15d78312,forests.now,available,49.98,,60,11,7,namecheap,,
0ce25cdf-3510-4946-a6af-e4aa56df47d7,manualworker.now,available,49.98,,42,0,13,namecheap,,
0cec27d0-5603-4472-a906-70bcf5d5e426,chickensoup.now,available,49.98,,84,4,12,namecheap,,
0cedf21a-9222-4ca1-b91d-ee89bac2916c,poured.now,available,49.98,,56,4,6,namecheap,,
0cf533cd-206e-44b3-a4e6-244f5d0471e6,shells.now,available,38.99,38.99,58,9,6,namesilo,,
0cf7d18b-f719-467b-9c0a-6ced9cef5949,racetrack.now,premium,125,,77,10,10,name.com,,
0d18e062-f3d6-4a46-965d-f76b6769166b,makeinto.now,available,49.98,,76,1,9,namecheap,,
0d2f4598-b34b-4f00-ade2-4e26423ea4c3,splits.now,available,38.99,38.99,70,9,6,namesilo,,
0d6f6ac2-afeb-45af-8cd8-ae270bb6cf9a,successively.now,available,49.98,,56,0,12,namecheap,,
0d74420d-4f0f-4aca-8f8b-0d0bdf47d1da,safest.now,available,38.99,38.99,64,9,6,namesilo,,
0d848f3a-57da-4d6f-a8d6-7f881c51ba82,inthepipeline.now,available,49.98,,42,2,15,namecheap,,
0db47893-70f0-4f3a-9d41-6adc64af242f,CountyofWilkinson.now,available,38.99,38.99,42,1,19,namesilo,,
0dd32e5a-ce9d-4ceb-a305-594d4d44bf7a,rider.now,resell,,,70,22,5,"NameCheap, Inc.",16/10/2024 04:55,16/10/2026 04:55
0e12f0ad-3070-4d47-a407-1d5c9db132f2,Cheddarcheese.now,available,49.98,,66,2,14,namecheap,,
0e370249-ad0b-44ac-b044-194a170aede0,overrated.now,available,49.98,,60,6,10,namecheap,,
0e3ca42d-5401-4241-bbb6-e467faff365a,intimewith.now,available,38.99,38.99,52,0,12,namesilo,,
0e7e5aa1-6eb2-44c5-ae5b-ca77f794c4fa,revolvearound.now,available,49.98,,62,1,14,namecheap,,
0ea4499d-99d6-4259-b0ce-0fbad366d8fd,keepstraight.now,available,49.98,,62,1,13,namecheap,,
0eb24224-39d2-426a-9e4a-3824e7a7f9f1,IsleofThanet.now,available,49.98,,52,2,14,namecheap,,
0efbb7ce-a148-48a3-aebe-5f274edd1077,veterans.now,premium,125,,56,23,8,name.com,,
0f4b608f-5f70-4c82-9b2f-cef5ef3a1954,tractors.now,available,38.99,38.99,56,8,8,namesilo,,
0f5afa72-a7a1-482e-9ef7-45bdc4b3454c,facilities.now,available,49.98,,77,10,10,namecheap,,
0f5d5530-9fab-4847-9496-771287517e78,failures.now,available,49.98,,46,5,8,namecheap,,
0f8bc244-2b9a-493d-b38b-6bde7a0e4bfa,waitforit.now,available,49.98,,43,4,11,namecheap,,
0f8f6a7b-18e6-4617-b6f7-1cb0c1b06d80,keeptrackof.now,available,49.98,,48,1,13,namecheap,,
0f99b568-5d92-4615-bd29-21f4034d390d,joints.now,available,38.99,38.99,48,8,6,namesilo,,
0fc9398d-ce66-45cd-87ff-3429b93e7600,backs.now,available,49.98,,56,5,5,namecheap,,
0ff5eca4-cc55-4f51-ab6d-c52e93a3ce90,explanation.now,available,49.98,,68,7,11,namecheap,,
1021a03d-52e0-46cd-a07d-a331e2d577a6,gobananas.now,available,49.98,,74,7,10,namecheap,,
10354ed7-042c-49c7-bcd1-1e5fcfe736b1,hanginthere.now,available,49.98,,54,3,13,namecheap,,
1045346c-021d-4436-a884-23b61a444c9c,puts.now,available,49.98,,58,7,4,namecheap,,
10607b85-1afa-4311-8170-db3e33009b4e,backstretch.now,available,49.98,,74,3,12,namecheap,,
10768249-0bf8-4c2c-bebf-1c4a1358a8a0,believed.now,available,49.98,,64,3,8,namecheap,,
1087d25a-fff9-4344-83c9-8d7a7d81db66,lordmayor.now,available,49.98,,76,1,10,namecheap,,
109bc90f-b2b8-4468-9a5f-43ec0c70fde4,cells.now,available,49.98,,61,13,5,namecheap,,
10a5a54a-07d7-4977-8908-87a64e06345f,comeoutontop.now,available,49.98,,68,0,15,namecheap,,
10c5389e-0444-4937-874c-15766509fcdc,coffeeroyal.now,available,49.98,,80,1,12,namecheap,,
10f30bff-c23e-4c47-aad2-414d28771050,rocks.now,premium,625,,78,18,5,name.com,,
10f3df40-4665-4160-9f14-ee3e58392e58,backbreaking.now,available,49.98,,54,1,13,namecheap,,
10f7e9ce-2cda-40d8-b48b-494859a7fc48,stepforward.now,available,49.98,,74,10,12,namecheap,,
1100259f-2d72-48a2-93ea-313aa8f52078,keephouse.now,available,49.98,,70,2,10,namecheap,,
1103fd45-f082-4bdd-83db-c59458290526,merchants.now,available,49.98,,56,14,9,namecheap,,
110997a8-fbb9-4e8b-b80d-6d9675f64a2d,owning.now,available,38.99,38.99,52,7,6,namesilo,,
110de602-2dac-4a34-b939-27b7b1b2b169,razorburn.now,available,49.98,,60,1,10,namecheap,,
1111d09b-204c-4de5-9fab-1b14cf34b661,cliponmicrophone.now,available,38.99,38.99,48,1,18,namesilo,,
11642395-b387-434a-a09c-60391cd3a73c,getstraight.now,available,49.98,,77,1,12,namecheap,,
117ee2c6-5cbc-4de0-822a-878f4b3be459,arrivingat.now,available,49.98,,50,1,11,namecheap,,
118360d5-16d5-4c26-b89f-d1f81200653f,RosettaStone.now,available,49.98,,58,12,13,namecheap,,
118fbfa6-854e-47df-b5b4-016312149525,strapin.now,available,49.98,,68,1,8,namecheap,,
119eeb0c-e067-4c32-bcc3-4301b735f224,toneup.now,available,49.98,,80,5,7,namecheap,,
11c4ca9e-a037-43e7-a526-ffb2a97320ee,filledin.now,available,49.98,,52,2,9,namecheap,,
11deb469-b0f9-41fb-ba8f-2fcebe0d9e0d,midbreakfast.now,available,49.98,,70,1,12,namecheap,,
11e0f2f6-e3dc-48f2-b64b-73b49bafe52b,panels.now,available,38.99,38.99,48,11,6,namesilo,,
11e2213c-7d0a-4f79-9522-6682408fac90,tablets.now,premium,125,,68,11,7,name.com,,
11ec6423-d434-41f4-b719-3ea4f33d122f,executiveprivilege.now,available,49.98,,62,1,19,namecheap,,
120de012-952f-43bc-bc0f-9b72059fb149,introspections.now,available,38.99,38.99,48,2,14,namesilo,,
122c4717-8e0a-4af5-bcac-1a140994aaf4,runwith.now,available,49.98,,70,5,8,namecheap,,
123dc0c7-3802-4d58-809e-b5990aa4c835,scoopout.now,available,49.98,,48,1,9,namecheap,,
1249c555-708e-47d4-9536-f540c177ca3c,comeoutin.now,available,49.98,,70,1,11,namecheap,,
12557a50-01f5-4e58-af8f-7c868091c0d5,pincushions.now,available,49.98,,52,1,11,namecheap,,
125619f2-32f2-42f9-a462-d3bb7ebedd2a,todolist.now,available,49.98,,73,12,10,namecheap,,
125c62ed-0e5c-4b6a-a611-d43e8efd2ae1,goeasy.now,available,49.98,,76,11,7,namecheap,,
125c718d-c585-4c57-9231-6bb4f55b33d0,estatetrustee.now,available,49.98,,42,2,14,namecheap,,
1275b7f3-32c1-4a57-8c03-c610d75ec619,grassrootsdemocracy.now,available,49.98,,66,1,20,namecheap,,
127dd554-0016-4485-bbbf-00e6f5176388,VirginiaBeach.now,premium,140,140,58,9,14,namecheap,,
128e49d4-3413-4d5c-9206-f5ff3808d887,expectedreturn.now,available,49.98,,48,2,15,namecheap,,
12be34d2-035c-4d97-b52e-77d52990724d,centuries.now,available,49.98,,56,2,9,namecheap,,
12ce5024-6ba5-4c35-8cb9-ce8f3770ac02,papa.now,resell,,,74,32,4,Dynadot Inc,08/10/2024 22:27,08/10/2026 22:27
12d13e6e-28cd-473d-b449-f9140f11b678,cheesedown.now,available,49.98,,62,0,11,namecheap,,
1301ca98-5373-4bf5-add5-fa71fb22720d,keepto.now,available,49.98,,72,2,7,namecheap,,
130acac9-50d8-4b7d-ab99-37212d2ad70c,highsociety.now,available,49.98,,73,8,12,namecheap,,
1338be61-43dd-47ad-a01c-5c3ce4365a05,getthegreenlight.now,available,49.98,,52,1,19,namecheap,,
1339d49b-81ce-41d0-b80c-bab169cac7e0,wives.now,available,49.98,,62,6,5,namecheap,,
133b2b52-8916-4f75-b1ca-acd0dc8cb422,inwriting.now,available,49.98,,72,3,10,namecheap,,
13407e80-8190-44f0-8aae-d395b7848b84,ponds.now,available,38.99,38.99,52,7,5,namesilo,,
136d512b-6ab2-4f04-adeb-220c9e612222,primes.now,available,38.99,38.99,56,13,6,namesilo,,
1386dc80-98f9-46d5-85c4-84dfb5a77feb,stints.now,available,49.98,,52,3,6,namecheap,,
13b47755-1c23-44bd-a244-b4570643a6e2,letusgo.now,available,49.98,,57,4,9,namecheap,,
13d4b66c-c6aa-4de9-b960-10f69ddcba40,showered.now,available,49.98,,63,3,8,namecheap,,
13edcd6e-07e0-47db-9021-c29edca43571,plated.now,available,49.98,,66,11,6,namecheap,,
13f64f7b-ee90-4a38-b330-8bc475598f98,keepunder.now,available,49.98,,66,1,10,namecheap,,
1416b413-a6e7-4b12-aca0-a8802e7336e2,offerings.now,available,49.98,,52,4,9,namecheap,,
143a27f9-db59-43ec-813b-0dbf5d16db48,gostrong.now,available,49.98,,74,4,9,namecheap,,
143ab97e-803e-4097-9b58-447a62d1b16d,neckrest.now,available,49.98,,56,1,9,namecheap,,
1450f419-1661-4836-9c5f-88190cd05986,translating.now,premium,27598.85,,54,7,11,"Spaceship, Inc.",17/02/2025 23:19,17/02/2027 23:19
1478bf53-77d6-4733-a02a-e7e4f673dd18,publichealth.now,available,49.98,,72,13,13,namecheap,,
147e388b-882f-4fbb-9dfd-3318e604f1f9,mosquitoes.now,available,49.98,,42,4,10,namecheap,,
1484e4cb-14b3-408b-ae15-944a7b64ef7c,pairofshears.now,available,49.98,,59,1,14,namecheap,,
148d93be-e3b6-44bf-8cea-1dc5fc91f50b,estatebottled.now,available,49.98,,56,0,14,namecheap,,
149c4757-42d8-4ea8-bc6a-46defad9ada2,sizes.now,available,38.99,38.99,50,5,5,namesilo,,
14b0e3a4-f79b-4023-abd2-1bc58eeaa548,reckoned.now,available,49.98,,50,1,8,namecheap,,
14c1e9fc-21db-4b65-9efb-748acb83d39b,cons.now,available,49.98,,64,10,4,namecheap,,
14c386fd-88cd-4728-8b7f-1e8d0a06517c,GodtheHolyGhost.now,available,49.98,,58,1,18,namecheap,,
14ece9ca-cebe-47cc-9476-5e0a42712ffc,pairoftongs.now,available,49.98,,65,0,13,namecheap,,
152041ff-4d22-4847-9a3d-61ff1c0e432e,slideshow.now,available,49.98,,72,8,10,namecheap,,
1546c655-336f-416f-8c7a-fcc543ecbb79,BigMacsauce.now,available,49.98,,70,1,13,namecheap,,
1558fc34-8626-422e-95d6-c16d89502737,shoveover.now,available,49.98,,59,1,10,namecheap,,
156f6947-e65b-4572-9f73-1e22375d2dfe,postcards.now,available,38.99,38.99,50,11,9,namesilo,,
15a547ac-272d-48d4-a6a3-799aeebc4937,turnedoff.now,available,49.98,,42,1,10,namecheap,,
15ce39f3-8319-4716-adda-d1f7b864fab3,officehours.now,available,49.98,,75,10,12,namecheap,,
16048d58-e20f-469c-92fa-b578a73b5390,makefor.now,available,49.98,,74,2,8,namecheap,,
163136be-ff36-4963-8f3f-19df7b663fc9,alcoholfree.now,available,49.98,,70,6,12,namecheap,,
163a39a0-2653-49da-8f84-38be2995450b,yards.now,available,49.98,,66,9,5,namecheap,,
16b0f4f0-4187-464d-ba1b-d387fc4bff4c,tobetruthful.now,available,49.98,,46,1,14,namecheap,,
16b45481-ccde-467d-8dfa-3533b77b2270,AlcoholicsAnonymous.now,available,49.98,,52,4,20,namecheap,,
16c912bb-d5ba-495c-8f56-0abee67f05de,divorcing.now,available,49.98,,46,6,9,namecheap,,
16d5823c-0922-4e9b-8ec8-1759188182df,getthedoor.now,available,49.98,,76,0,12,namecheap,,
16def3c1-74e6-4083-be30-200e7531183a,JollyRoger.now,available,49.98,,82,10,11,namecheap,,
171dc756-da69-4978-b063-0388b1f9a317,getready.now,resell,,,88,11,9,Unstoppable Domains Inc.,22/06/2025 00:48,22/06/2027 00:48
176f93a4-f312-407f-81d1-fd709a12f07f,indoor.now,premium,125,,72,15,6,name.com,,
17879b64-3e65-4447-a73d-f98a60fb7afa,studios.now,premium,125,,54,21,7,name.com,,
17942499-282f-4bee-b9bc-c4ba02ea42b2,orderin.now,available,49.98,,77,5,8,namecheap,,
17a68ec3-7684-40ae-ba84-c9b6c8e1e1f6,dads.now,premium,116,116,60,17,4,namesilo,,
17b8f298-cc3f-46d8-acff-26d5c45bf19a,gonumberone.now,available,38.99,38.99,40,1,13,namesilo,,
17bab832-1083-49b7-8e58-13206f3ee845,gonumbertwo.now,available,49.98,,40,1,13,namecheap,,
17bfafff-9c52-4c7c-a091-0f0ab9f63e70,accountsreceivable.now,available,49.98,,62,5,19,namecheap,,
17c743c3-9b79-4f1d-be2a-090aa2c46fa7,letthebuyerbeware.now,available,49.98,,67,0,20,namecheap,,
17cee777-5d6a-41d1-9b14-f962682f8c58,makeone.now,available,49.98,,76,4,8,namecheap,,
17d964e4-116c-4652-bb99-9116755bab8c,royalties.now,resell,,,56,9,9,Porkbun LLC,02/07/2025 09:42,02/07/2026 09:42
17e8d64c-0405-41b1-a870-b834f5c17d18,inthelongterm.now,available,49.98,,60,1,16,namecheap,,
17eb3593-a67b-4cf0-9570-feea40a1e9a2,mentioning.now,available,49.98,,52,2,10,namecheap,,
184acb1c-35a1-437a-80a3-4fd669b92251,sentiments.now,available,49.98,,56,6,10,namecheap,,
184ca12b-3c1d-45e9-8d67-0e283a427b23,standingout.now,available,49.98,,62,2,12,namecheap,,
18552f66-aec2-48c2-940f-b73d6b4389fa,resulted.now,available,38.99,38.99,46,2,8,namesilo,,
1863ab22-d8ce-4cb6-9143-d2dfa79e948d,cuddleup.now,available,49.98,,89,4,9,namecheap,,
1889ee4c-b867-41ae-8f1d-7995fadb1cc0,restructure.now,resell,,,74,6,11,"Spaceship, Inc.",17/07/2025 13:34,17/07/2026 13:34
188fb679-b2fc-45d5-89fd-c3bdc9b36301,DalaiLamas.now,available,38.99,38.99,62,0,11,namesilo,,
191b6694-357c-4940-9eaf-34ab0466b3bb,finaltest.now,available,49.98,,58,2,10,namecheap,,
1923b867-62e0-4a17-9ab9-bd226cf21317,licensinglaw.now,available,38.99,38.99,42,2,13,namesilo,,
194cce9e-cc7d-4661-b0cf-3febea43d63c,pairofspecs.now,available,49.98,,62,1,13,namecheap,,
195053e7-d2ed-4461-84c3-ac25b0a084bc,childcategory.now,available,38.99,38.99,42,1,14,namesilo,,
1973cd91-e68f-4238-b6b0-a79df978f157,movedown.now,available,49.98,,70,1,9,namecheap,,
1999d94f-b9da-40cf-b142-d5cd861f7801,planners.now,available,38.99,38.99,50,9,8,namesilo,,
19dc5dd0-5d48-4d52-bbf7-dd32f8e7254b,Ihaveatoothache.now,available,49.98,,50,1,18,namecheap,,
19f9f2b2-4477-47d8-959c-c153704d025c,financeindustry.now,available,49.98,,44,1,16,namecheap,,
1a6f2b40-9782-41fa-b3e8-ed5e73122158,getitoverwith.now,available,49.98,,50,1,16,namecheap,,
1a74afa5-9798-434e-8a35-9f9162a303ee,wins.now,resell,,,68,21,4,Unstoppable Domains Inc.,28/10/2024 02:10,28/10/2026 02:10
1a7bc80a-f475-473e-977a-c991c1bf5472,pomegranates.now,available,38.99,38.99,60,4,12,namesilo,,
1a8f38d9-63a4-45c9-b27a-b9ee3af4172d,usernames.now,available,38.99,38.99,52,6,9,namesilo,,
1ac1bb9c-674a-404d-b4bb-c9002d72ea89,moveit.now,resell,,,77,13,7,"Spaceship, Inc.",28/03/2026 19:28,28/03/2027 19:28
1ac7e0e5-8fdf-4a56-99da-3872d3f59143,playin.now,available,49.98,,80,10,7,namecheap,,
1ae42291-9085-45e4-9a48-469c9208ffbd,ushered.now,available,49.98,,54,1,7,namecheap,,
1aed492c-df10-4f31-9f92-e936d64e92e5,creates.now,available,38.99,38.99,60,13,7,namesilo,,
1b0aa451-d770-49dd-a31d-6b100d53a192,letoneselfgo.now,available,49.98,,72,0,14,namecheap,,
1b101c7f-ba98-4a3f-980b-8904b9581d5d,chaitea.now,available,49.98,,86,3,8,namecheap,,
1b294fcd-ef1a-4a75-b9fb-32bfdb7ded81,granddaughters.now,available,38.99,38.99,60,1,14,namesilo,,
1b2c795a-e5cd-42a9-9e7a-8b637e583020,fasttracking.now,available,38.99,38.99,48,3,13,namesilo,,
1b69e4a9-089c-4e6d-a95c-5dde665083b4,deteriorates.now,available,38.99,38.99,38,1,12,namesilo,,
1b768f39-628a-4561-a1f7-bbabacc9a76b,disappoints.now,available,38.99,38.99,36,1,11,namesilo,,
1b88b03f-4084-4d5f-a16c-ca98bf0b4732,carols.now,available,49.98,,56,7,6,namecheap,,
1bb38106-65ad-4aca-8c49-9256bc501af8,inthemain.now,available,49.98,,50,1,11,namecheap,,
1bbfee59-2959-4483-8fd2-c3fe68d53982,Americans.now,available,49.98,,56,10,9,namecheap,,
1bc2b155-693e-4d2b-ba87-54a3bcfee737,Imissyou.now,available,49.98,,58,7,10,namecheap,,
1c14ede2-62f4-4677-a6d2-3d3a5d500993,goingto.now,available,49.98,,56,6,8,namecheap,,
1c1bc54f-0b12-49b2-9458-c4ae0865d794,changeup.now,available,49.98,,70,8,9,namecheap,,
1ca314b1-e1bc-42b7-8e3b-f707102cbdd0,GodSavetheQueen.now,available,49.98,,76,3,18,namecheap,,
1cab1700-a7d4-4fbb-8121-c3122d72b693,changethechannel.now,available,49.98,,62,1,18,namecheap,,
1cc74ec4-886e-427f-80d0-2d76eebcd687,Stars.now,resell,,,79,31,5,Dynadot Inc,09/04/2026 01:12,09/04/2027 01:12
1cc96f4e-c104-4b35-9c7d-84c006445b16,makingwaves.now,available,38.99,38.99,64,7,12,namesilo,,
1ce5216b-c559-4cd7-ab2d-5cd6fe7c39c9,chairs.now,premium,125,,54,11,6,name.com,,
1cf46752-99b6-47cb-8565-813b117dfd07,cometolife.now,available,49.98,,80,3,12,namecheap,,
1d0a55ed-9d9e-417c-9830-0dcf61e79e91,scenes.now,available,49.98,,54,8,6,namecheap,,
1d0d4eee-1ae7-4094-8616-5866f1c1131b,paperingover.now,available,49.98,,53,1,13,namecheap,,
1d1beb24-6d22-44e7-8bff-6abe3bfe5ab0,furnishings.now,available,49.98,,80,5,11,namecheap,,
1d397e3f-3bd0-4db0-a8ab-8aa09833f2d3,CountyofJefferson.now,available,38.99,38.99,44,0,19,namesilo,,
1d4f2296-7507-49e8-a994-0f540c29398d,comeunder.now,available,49.98,,70,1,10,namecheap,,
1d6fb752-1b3e-44cd-8b8d-8c6486481b5a,concertgoers.now,available,38.99,38.99,59,1,12,namesilo,,
1d79a592-6026-422f-af61-58c70e588cb0,getupin.now,available,49.98,,74,1,9,namecheap,,
1d849e2e-ad39-4714-ba1a-92da0701ef4c,pickover.now,available,49.98,,62,1,9,namecheap,,
1d9afcf5-1789-4e78-b858-805e11cc7471,grandparents.now,available,49.98,,68,5,12,namecheap,,
1dad0979-2781-40d8-883e-70f219336e37,veggies.now,available,49.98,,64,7,7,namecheap,,
1db4a87c-a3ac-4f0d-9aaa-44eddb0e0a00,leavewellalone.now,available,49.98,,68,1,16,namecheap,,
1dc375b4-09cc-471f-a2fd-af12a7ad17bf,smarted.now,available,49.98,,53,5,7,namecheap,,
1dd42c12-377b-40ac-a121-352e2cd0a48b,flaxseed.now,available,49.98,,80,4,9,namecheap,,
1de9113e-21bb-4d33-af6d-912c9f8d9105,commonstock.now,available,49.98,,68,3,12,namecheap,,
1e441e72-a8e4-49d6-8001-3b3d625e4bcb,stayathome.now,available,49.98,,68,7,12,namecheap,,
1e9e1fdb-7613-4da9-bdd1-134941df8a3b,underestimated.now,available,49.98,,42,6,14,namecheap,,
1ea54c98-248a-4ecc-881a-129e799114a9,rashes.now,available,38.99,38.99,40,3,6,namesilo,,
1ed3a626-c4e1-4b80-87cd-6c2cbef24d8a,glances.now,available,49.98,,52,5,7,namecheap,,
1ee001cf-cbfb-4c63-8513-00d79d2f6909,havea.now,available,49.98,,60,7,6,namecheap,,
1eedeca5-2c1e-4acb-8048-216a3d1912db,chiefofstaff.now,available,49.98,,60,9,14,namecheap,,
1effe8d5-ed2a-46fe-84ed-af0b852f258b,trials.now,available,49.98,,48,12,6,namecheap,,
1f211b01-e622-4319-ae62-57002c01804d,chickenliver.now,available,49.98,,64,1,13,namecheap,,
1f335be0-7681-44b7-98e0-b2471a7d1033,onetrickpony.now,available,49.98,,56,6,14,namecheap,,
1f49f0a5-3733-4b14-aefe-c27acd58fd8a,commonterm.now,available,49.98,,68,1,11,namecheap,,
1f6d6520-e66a-4eea-b960-7f95bcbcbb3c,manyhappies.now,available,49.98,,72,1,12,namecheap,,
1f78ad0b-8dbd-4a5e-ace7-bdc60fad96f0,havetherunof.now,available,49.98,,60,1,15,namecheap,,
1fa640e4-535f-4e0e-ae39-366eb08b68c2,invogue.now,available,49.98,,70,6,8,namecheap,,
1fad2e45-7696-4422-adbe-b46963db9605,bicycles.now,premium,116,116,68,9,8,namesilo,,
1fe2e433-7400-4bdc-ac76-dd757d81a515,goneover.now,available,38.99,38.99,50,1,9,namesilo,,
1ffbd856-007d-47c6-b133-3cf6a5fd5f1e,hawaii.now,resell,,,70,37,6,Dynadot Inc,11/10/2024 14:50,11/10/2026 14:50
203b0138-93ad-4662-a06c-d92c82069f51,resorted.now,available,38.99,38.99,50,1,8,namesilo,,
204c42c4-bf61-452f-8dcf-49c497ecd650,cometopass.now,available,49.98,,74,1,12,namecheap,,
204f2c75-9ca3-442f-949b-0588cd59fead,elects.now,available,38.99,38.99,56,4,6,namesilo,,
2056c9b8-590d-413e-af35-bcfc0bc36223,lightup.now,resell,,,82,15,8,"NameCheap, Inc.",11/07/2025 18:32,11/07/2026 18:32
207bed70-9480-43c2-a6e8-4e8dde06a262,sparkles.now,available,49.98,,62,15,8,namecheap,,
20c38af1-3c32-4452-bc49-c0d0dc70292e,desktoptoy.now,available,49.98,,50,1,11,namecheap,,
20d3c79f-b7a5-4103-b504-6f60bdc8a9d0,noparking.now,available,49.98,,44,5,10,namecheap,,
20e74f80-84f2-41d6-bb9b-ee7ace376bd3,changeoftune.now,available,49.98,,64,0,14,namecheap,,
20f2b0d3-f0da-4faa-a4d4-6191ea50b1fd,multipurpose.now,available,49.98,,54,4,13,namecheap,,
212e2136-f62d-4251-a9cc-b8e5a8e73e56,keepclear.now,available,49.98,,58,2,10,namecheap,,
214bb352-bf3e-4d6c-8755-994988ecf7ed,disorders.now,available,38.99,38.99,46,5,9,namesilo,,
2155c622-2752-4d9c-a50a-d25afe7b2518,showingup.now,available,38.99,38.99,59,4,10,namesilo,,
216bf5e7-e43b-475c-a403-092e3e6964b4,papered.now,available,38.99,38.99,50,3,7,namesilo,,
21836e0d-71a2-4f08-8bdf-985c42271b43,paintthinner.now,available,49.98,,56,1,13,namecheap,,
2186dcad-ca92-4126-8295-d60a25b4f600,defaulted.now,available,38.99,38.99,42,2,9,namesilo,,
219b11df-27f3-4168-871f-62f0d4271444,peed.now,available,49.98,,54,4,4,namecheap,,
21a623fb-6eae-45b5-b715-255f2f32ff3a,platepaper.now,available,49.98,,66,0,11,namecheap,,
21b3f42d-bef0-4c1b-babc-141d5c1e9223,tirades.now,available,38.99,38.99,46,1,7,namesilo,,
21db0f5c-13c5-48de-bf14-342cc3a4f5f6,teachers.now,resell,,,56,22,8,Porkbun LLC,27/08/2025 16:53,27/08/2026 16:53
21e4b725-404d-4720-a9ed-e1f42343f696,throats.now,available,38.99,38.99,44,2,7,namesilo,,
2214c8e0-9277-4969-b069-3da0091422cd,backwhen.now,available,49.98,,54,3,9,namecheap,,
2217d6f0-532c-4844-a95b-db4ea2b89545,barns.now,available,38.99,38.99,50,7,5,namesilo,,
22404e3a-1085-41c1-b210-5c855984e912,getupto.now,available,49.98,,74,2,9,namecheap,,
22755e4b-c66c-4bf1-be05-0b4d99f6fe0b,slightest.now,available,49.98,,56,1,9,namecheap,,
22771bcc-1c35-4336-9ebc-846dd8ff5c30,tapwater.now,available,49.98,,71,7,9,namecheap,,
2278718f-d506-4f06-bb3a-8d2c9136cc66,popup.now,resell,,,84,29,6,Gandi SAS,07/01/2025 00:14,07/01/2027 00:14
2285ba10-78b5-4c8d-b9f5-91cfb7e147ea,keeptrack.now,available,49.98,,76,8,10,namecheap,,
2296a262-64e1-4108-8d65-23b4414f1a93,turds.now,available,49.98,,38,3,5,namecheap,,
22a6607f-05b8-4034-8099-c924e2609415,videocameras.now,available,38.99,38.99,52,3,13,namesilo,,
22a6e8a7-396c-4fff-8a68-f2d34bc3de17,sqmi.now,available,49.98,,54,2,5,namecheap,,
22b84951-c6b6-4bbb-9562-120feec44710,partwith.now,available,49.98,,68,1,9,namecheap,,
22f2508a-44a8-496b-8d36-f980b8d1c00c,manyandvaried.now,available,49.98,,46,1,15,namecheap,,
22f36a47-2294-45fc-80dd-33b80bbe279c,scooped.now,available,49.98,,48,5,7,namecheap,,
22f416c0-5273-4963-80a3-0d484964914b,receptions.now,available,38.99,38.99,53,4,10,namesilo,,
2303a216-2df0-42d5-aa45-15fabe49037f,breads.now,available,49.98,,58,5,6,namecheap,,
231634b9-7674-4d10-8202-dba0ad4d5c43,leaveoff.now,available,49.98,,72,1,9,namecheap,,
232a52ca-1594-45d6-8efe-a01e1008f9a4,flashmemory.now,available,49.98,,76,2,12,namecheap,,
232ab1c6-a4cd-47c6-b240-1c7e2c79ec6e,leavetown.now,available,49.98,,58,1,10,namecheap,,
23486e20-1a38-4e2b-a74d-76b5b97e593b,retailbanking.now,available,49.98,,59,3,14,namecheap,,
234fe825-84f0-474e-98ff-41db2e3204d6,education.now,resell,,,86,32,9,Dynadot Inc,01/10/2024 01:43,01/10/2026 01:43
239243cd-7437-4144-841f-bc2b2e8bc3ff,RedSox.now,available,49.98,,72,60,7,namecheap,,
239fe46d-478a-4482-8367-f40e9b981cff,towels.now,premium,125,,68,9,6,name.com,,
23be6020-443f-4a87-9d83-a80d9e5de9d7,barbecue.now,resell,,,86,13,8,"Spaceship, Inc.",29/07/2025 10:11,29/07/2026 10:11
23eb6d4e-e6fd-4462-be54-c482ed13abe3,makesomethingof.now,available,49.98,,70,0,17,namecheap,,
2417cafd-5bcf-4cd6-b578-d3ddb9888835,coats.now,premium,125,,68,12,5,name.com,,
241b1c11-daca-4ef6-8d2e-d6efce6551fb,mathematics.now,premium,125,,68,19,11,name.com,,
241df9f5-b2c2-4e64-9f89-bb07ed235da6,drums.now,premium,125,,54,11,5,name.com,,
2426d4ed-cfa8-41a6-afae-55c2f8430f76,sqin.now,available,49.98,,72,3,5,namecheap,,
242e95a0-0a7c-47e7-9b2c-a60f7dfeeb12,inpower.now,available,49.98,,47,10,8,namecheap,,
244cd34e-5f46-434d-92e6-36007d6334b3,havenousefor.now,available,49.98,,56,0,15,namecheap,,
246152db-f490-4353-84eb-2d118cf8a8cf,makeof.now,available,49.98,,76,1,7,namecheap,,
2493e68c-d1a3-4eac-bc1b-81d0b5c08eb6,leavethenest.now,available,49.98,,70,1,14,namecheap,,
24e92820-93b6-4369-82da-aa62d058eabd,suppresses.now,available,49.98,,44,1,10,namecheap,,
250e7635-2e78-457a-96c6-7becbd89f3aa,packages.now,resell,,,54,13,8,"NameCheap, Inc.",12/07/2025 00:15,12/07/2026 00:15
252586a3-e3e0-4319-a25e-2c2b39db8cf5,spinydogfish.now,available,49.98,,60,1,13,namecheap,,
254563b1-ff48-4437-9589-a91fa88fb908,chairmen.now,available,38.99,38.99,58,3,8,namesilo,,
25c5efdc-709a-45fd-af5b-ebdde904d27f,swords.now,available,49.98,,52,10,6,namecheap,,
2608fa1c-1f1e-4516-ad3d-dc0a1c0828dd,nuclei.now,available,49.98,,44,7,6,namecheap,,
260ddea9-8019-4f6d-84b7-b540e5b24f15,myspace.now,available,49.98,,80,65,7,namecheap,,
2640fcc6-02ff-45fe-9983-3054095ceed4,grandchildren.now,available,49.98,,60,3,13,namecheap,,
26431783-15e9-4bb1-ab3a-1e38b40a2dd7,havereason.now,available,49.98,,76,1,11,namecheap,,
264c442e-27ca-4704-aa18-472e2d9a5946,DeadSea.now,available,49.98,,50,6,8,namecheap,,
267a5de0-c2df-4771-af26-7827f9b9e80f,rumorhasit.now,available,49.98,,47,2,12,namecheap,,
267c4994-aed6-46fa-a817-bf47275b4b98,shortages.now,available,38.99,38.99,48,3,9,namesilo,,
267db57e-2bc2-4f90-bcaf-052e6762de91,rides.now,resell,,,56,15,5,Gandi SAS,07/11/2024 13:13,07/11/2026 13:13
2696fd4c-3265-447c-aad8-4366b5bc159c,extends.now,available,49.98,,54,5,7,namecheap,,
26976dac-4511-416a-adfc-4d472ad46b76,standupguy.now,available,49.98,,72,2,12,namecheap,,
26a5995c-06b0-423e-8029-7db6333f834c,basedon.now,available,49.98,,50,4,8,namecheap,,
26d90e75-8d05-43ac-956c-ffc7e3c15984,introspection.now,available,49.98,,66,8,13,namecheap,,
26e2f7a7-be21-4840-863d-554ab4093b54,holdingthecards.now,available,49.98,,44,1,17,namecheap,,
26f7b478-71ff-4274-be08-b733eac17ba7,mobs.now,available,49.98,,42,10,4,namecheap,,
26fd0712-88cd-4c4c-b6d7-7d77aabc2da0,bedsheet.now,available,49.98,,78,3,9,namecheap,,
27086f1a-d3a7-4638-8bd5-ad06faf5f0e5,getturnedaround.now,available,38.99,38.99,64,1,17,namesilo,,
274d4ac4-d214-48a1-9853-df1e5d739106,lunchtimes.now,available,38.99,38.99,60,1,10,namesilo,,
274d727a-da22-4a0f-a696-3577f98cdebc,manysidedness.now,available,49.98,,64,1,14,namecheap,,
278b727b-ae54-4b0d-84b7-b748fef3f802,cometotermswith.now,available,49.98,,66,1,18,namecheap,,
27a89b34-7424-4516-99f3-ae4d3c8a6a3e,besupposedto.now,available,49.98,,60,1,14,namecheap,,
27f59f94-5a16-4659-b00e-1208987190ad,distresscall.now,available,49.98,,32,1,13,namecheap,,
27f628ef-2e02-491f-8c84-f825330c1d94,printmedia.now,available,49.98,,78,6,11,namecheap,,
27faaf47-88b7-4fb0-bf84-200bd1e1ff7b,replied.now,available,49.98,,58,4,7,namecheap,,
281feb91-8ec7-4a4d-9b59-d83f0a9fca5b,childsafetyseats.now,available,38.99,38.99,42,1,18,namesilo,,
28413033-f494-4798-9f4d-952913ac1009,QandA.now,available,49.98,,80,10,7,namecheap,,
2854d0ee-189b-4d22-b07e-6ea6e6c5658b,officemanager.now,available,49.98,,49,5,14,namecheap,,
286367af-0b6f-4485-b27f-cca27e73f7e9,intheraw.now,available,49.98,,64,2,10,namecheap,,
287e72b3-5547-48f4-ae1b-3ea3c86daac2,onfile.now,available,49.98,,48,4,7,namecheap,,
28b71663-8053-442c-85cf-a7a414fa4749,sailed.now,available,49.98,,76,4,6,namecheap,,
28ce7b79-bbda-4cd8-a629-ca4726e7ae4d,webmasters.now,available,38.99,38.99,52,12,10,namesilo,,
28d781f7-c3b8-45d1-ae6b-c8f25cfc0244,gonuts.now,available,49.98,,76,8,7,namecheap,,
28de3d0f-1c7f-4261-af30-756499b57899,Catholicism.now,available,49.98,,74,6,11,namecheap,,
2904511d-b89d-41a0-9ce9-0d923c26e38e,thundered.now,available,38.99,38.99,49,2,9,namesilo,,
2911269e-bc87-41db-a69a-f039dddd486c,onlyjust.now,available,49.98,,49,2,9,namecheap,,
292d0bf2-ad40-4077-8980-34f46d56260f,stuffyou.now,available,49.98,,44,1,9,namecheap,,
29331ab3-e72d-4992-9668-de04cc4f91b4,alcoves.now,available,38.99,38.99,48,3,7,namesilo,,
294f142f-cdef-4ca9-a913-5afc282c9be9,starkest.now,available,38.99,38.99,40,2,8,namesilo,,
295fc2a9-9e97-402d-b5f4-60d225e27e93,abovethescroll.now,available,38.99,38.99,40,1,16,namesilo,,
29a8f312-e4db-4a2b-98c9-c52c114815dc,requesting.now,available,49.98,,49,5,10,namecheap,,
29becf3e-0c1b-4a02-8161-b87cc9018c05,faintest.now,available,38.99,38.99,56,1,8,namesilo,,
29c07f5a-e146-434e-b4d2-86aa2b2f6823,vans.now,premium,116,116,55,17,4,namesilo,,
29e143b4-25cf-4554-a9cd-124e82282152,explained.now,available,49.98,,50,10,9,namecheap,,
29f0e711-a528-4f2b-859f-a6c9923c121a,stories.now,resell,,,58,36,7,"Spaceship, Inc.",31/05/2025 14:01,31/05/2026 14:01
2a0c5829-f814-496a-a0f1-8ce7ad858e3d,ballplayer.now,premium,125,,74,3,11,name.com,,
2a24dd17-2d57-4567-b380-4c77dcf2a1d2,inlaws.now,available,49.98,,56,2,7,namecheap,,
2a261d30-17d4-4135-99da-32f4c28ba4d9,makestrides.now,available,49.98,,78,1,12,namecheap,,
2a2a206e-a9d9-4b44-9db7-749ca54d9a63,somuchso.now,available,49.98,,50,1,10,namecheap,,
2a30b3ee-1773-49ba-bf72-57d0e4c10555,instate.now,available,49.98,,66,4,8,namecheap,,
2a368338-a91f-4699-83c0-ec163a9d9e11,wellbuilt.now,available,49.98,,78,7,10,namecheap,,
2a7ba20a-9993-43b8-98f3-11b9cd2d035d,maketheheadlines.now,available,49.98,,72,0,18,namecheap,,
2a88c72e-48a6-4cdc-a66b-49910d725718,does.now,resell,,,60,15,4,Dynadot Inc,24/07/2025 19:19,24/07/2026 19:19
2a947537-75e5-4b55-b5c6-733beea7c0cb,preliminarily.now,available,49.98,,41,1,13,namecheap,,
2a99a3b4-96a6-4604-b36e-46f1e51d95f8,alcoholbyvolume.now,available,49.98,,58,1,17,namecheap,,
2ab9bb52-eaac-4aad-9a13-dbad67a0b4e1,videos.now,resell,,,52,30,6,Dynadot Inc,08/10/2024 15:38,08/10/2026 15:38
2ad348fc-c205-41b9-a129-c667890d7067,disobeying.now,available,38.99,38.99,46,1,10,namesilo,,
2ad63abd-8ca5-467d-8e4c-41b2e364aea6,nodded.now,available,49.98,,56,2,6,namecheap,,
2af2100a-d7da-435b-bded-d0cd9b8151f1,getrid.now,available,38.99,38.99,56,3,7,namesilo,,
2afd3c2c-5994-4c58-8a27-4a8ec5856964,justthejob.now,available,49.98,,56,3,12,namecheap,,
2aff6bc8-e4d4-458c-931c-d3c1e276e9d6,smashdown.now,available,49.98,,58,2,10,namecheap,,
2b11fdc4-9510-4925-a933-419e20b691c9,gohome.now,available,49.98,,76,14,7,namecheap,,
2b4e6118-e36e-443c-b531-21daf754a79a,slipoff.now,available,49.98,,65,1,8,namecheap,,
2b56f85a-046a-4981-a06a-6c18a1f236a5,killed.now,available,49.98,,56,5,6,namecheap,,
2b7d63ec-3b0e-41f3-8b95-bc64e84c45d6,goby.now,available,49.98,,74,9,5,namecheap,,
2b952509-fa8c-4e61-8a61-b10d712cf83e,clearsailing.now,available,49.98,,72,1,13,namecheap,,
2bab1fdb-dd60-4b21-a5cf-3676e607fd1a,generalformulas.now,available,38.99,38.99,48,0,16,namesilo,,
2bb3a049-5ca7-4761-8119-b51387ad98e1,nowonder.now,available,49.98,,78,3,9,namecheap,,
2bc45e08-77b7-44b0-96d8-eea4e894d00b,haveon.now,available,49.98,,76,2,7,namecheap,,
2bccbd58-3f26-46c7-8811-0a992ea63bed,promised.now,available,49.98,,76,6,8,namecheap,,
2be1d8c6-f139-49e4-bb6b-f5aa38bd0932,tornadoes.now,resell,,,50,2,9,Porkbun LLC,09/02/2026 05:59,09/02/2027 05:59
2be7cf44-aff0-45a3-b01b-7d8e0be6a0cb,Wikipedias.now,available,49.98,,53,2,10,namecheap,,
2c13249e-5fc8-49d5-a6e7-be5649da815d,deepinthought.now,available,49.98,,52,1,15,namecheap,,
2c1ade8c-5195-4cf5-8dd4-05c9841d4298,dusts.now,available,38.99,38.99,52,3,5,namesilo,,
2c31f32d-1c9b-4a85-80c1-67e9fec42484,publicoffices.now,available,38.99,38.99,48,1,14,namesilo,,
2c41f53a-167f-41d9-b753-c2de05585636,FinalJudgment.now,available,49.98,,54,2,14,namecheap,,
2c4790c8-9a55-4e2b-8502-157a9a383a3a,gonewiththewind.now,available,49.98,,40,4,18,namecheap,,
2c4a45d0-dc61-4bc3-8c3a-53d4b330359c,backtobasics.now,available,49.98,,70,10,14,namecheap,,
2c6a6b9e-2fe4-4a00-b649-7a6ef237f915,rubber.now,premium,23675.79,,80,17,6,Dynadot Inc,07/07/2025 13:48,07/07/2026 13:48
2c8ce777-369b-43a3-ba8a-2986b62e7833,ambitiousness.now,available,49.98,,74,1,13,namecheap,,
2c90e777-a018-45c7-9155-720dee02c33f,gopast.now,available,49.98,,68,0,7,namecheap,,
2c9152a3-0c74-4be6-8989-8571b5c6c880,businessstudies.now,available,49.98,,70,2,16,namecheap,,
2c99790e-dbaa-4a33-aeb7-9bd644e34524,playaround.now,available,49.98,,72,5,11,namecheap,,
2c9e6fd1-804b-49ec-ac84-9ef73fe7ad66,sites.now,resell,,,53,26,5,Porkbun LLC,14/07/2025 02:31,14/07/2026 02:31
2ca0460d-c6d3-4f97-b696-42a08ceb3737,grandefinale.now,available,49.98,,70,2,13,namecheap,,
2ca8b5b2-14c1-4b64-8e39-9a04cb0527cf,hosts.now,resell,,,52,18,5,Dynadot Inc,03/02/2026 19:53,03/02/2027 19:53
2cb0215b-8e5c-41bc-9483-b674665d0e26,pieces.now,available,49.98,,62,12,6,namecheap,,
2cb97747-849b-4c97-a116-84c16ff02c63,horns.now,available,49.98,,56,9,5,namecheap,,
2cc3b1e8-b67b-4ecb-950e-0062ab9c755e,recycled.now,available,49.98,,79,10,8,namecheap,,
2ce0d25d-7872-4e49-aa88-4e1d441e4857,wellmanaged.now,available,49.98,,60,4,12,namecheap,,
2d0b3acb-e31b-4585-a0ba-613cce1b4aa0,personallife.now,available,49.98,,68,3,13,namecheap,,
2d1e5024-a625-423c-9d06-7c5985916d90,uponthewhole.now,available,49.98,,46,1,14,namecheap,,
2d4fb439-cbaa-48ea-94d2-d55931640050,inwithashout.now,available,49.98,,60,1,15,namecheap,,
2d89df96-04d6-40f6-9ecc-324e86a1fc3c,magicians.now,available,38.99,38.99,60,8,9,namesilo,,
2d8df605-2aba-4aff-9ff3-54e71df86387,Ihavecancer.now,available,49.98,,44,2,13,namecheap,,
2d9101b1-b333-47b2-8960-488db5dfb91d,overwith.now,available,49.98,,60,1,9,namecheap,,
2d9dc694-9e76-4158-bf73-d50539e767aa,flipping.now,available,49.98,,70,12,8,namecheap,,
2da523e0-ef60-46dd-9821-4cde30c763be,photographers.now,resell,,,47,10,13,Dynadot Inc,09/08/2025 10:01,09/08/2026 10:01
2de36274-2596-4192-8e1b-dae459a2c084,butterflies.now,available,49.98,,90,8,11,namecheap,,
2debaebd-dddf-471a-a42f-2a0a34d05a87,getstuckinto.now,available,49.98,,64,0,14,namecheap,,
2e3a82e2-5ede-422e-b58d-0e2d28a0bee5,boilingpoint.now,available,49.98,,60,3,13,namecheap,,
2e59ab06-b8f5-4b77-a37f-8c5b31bd6f80,fittoaT.now,available,49.98,,64,1,10,namecheap,,
2e63d199-f4ab-45d1-9367-e37d73f7a2a2,carryforward.now,available,49.98,,66,3,13,namecheap,,
2e801557-69b4-4786-aed2-ad8b966ad0ae,sorethroat.now,available,49.98,,64,2,11,namecheap,,
2e85deed-756c-40b3-8238-2738f1485612,gettheboot.now,available,49.98,,70,1,12,namecheap,,
2eb06a77-cde5-4140-a4e6-67c3de621e91,inspiration.now,resell,,,88,30,11,Dynadot Inc,20/01/2026 11:02,20/01/2027 11:02
2efb37c4-851d-470b-ad00-e79b0c5b771b,intheact.now,available,49.98,,52,1,10,namecheap,,
2f2bc50b-57a8-42c8-8d21-8c04abc18d73,sneezes.now,available,38.99,38.99,50,2,7,namesilo,,
2f35d7c1-e31d-4aec-9efd-a15bf4c42b8d,Ineedtovomit.now,available,49.98,,50,1,15,namecheap,,
2f3b0440-fe65-4b34-b3f9-25fefeb33fd2,getoneselftogether.now,available,49.98,,49,1,20,namecheap,,
2f4ffc06-e79b-4254-90d2-279b59ad8148,tubes.now,available,38.99,38.99,48,12,5,namesilo,,
2f5c7883-a21a-4115-8ac3-8cc68b9260cb,bringit.now,available,49.98,,82,9,8,namecheap,,
2f628cc2-a398-4547-84c3-c0fc3e0771a4,noses.now,available,38.99,38.99,48,3,5,namesilo,,
2f6606df-9be5-49da-9d1c-0c5e32b7c147,leaveon.now,available,49.98,,80,1,8,namecheap,,
2f748ac5-8f6a-4b29-8d5f-f26e3a151344,devours.now,available,38.99,38.99,40,2,7,namesilo,,
2f7876c7-671f-4d40-93db-0ac5638853d7,clearthetable.now,available,49.98,,64,1,15,namecheap,,
2f8de72e-4cdf-4dbc-bf96-0c07e6959449,gofar.now,resell,,,76,10,6,Porkbun LLC,19/04/2026 09:36,19/04/2027 09:36
2fba16e5-e2ce-48c2-95ee-3eab64308961,vendors.now,resell,,,56,12,7,Porkbun LLC,26/11/2025 12:37,26/11/2026 12:37
2fbd8ead-a0d0-48b7-b2ed-fb281d799950,theories.now,available,49.98,,58,6,8,namecheap,,
2fd4ddf7-4f70-4940-bbee-8c3455292f0b,filesharing.now,available,49.98,,76,7,12,namecheap,,
2fdc968a-ce3e-400f-84cb-661b0f347e71,majorityleader.now,available,49.98,,54,1,15,namecheap,,
2fe7bd27-542f-49a1-8a40-501991739e2f,Itellalie.now,available,49.98,,58,1,12,namecheap,,
2ff34c08-47c0-4e3e-83f8-1d54ff0091ba,theatres.now,available,49.98,,62,5,8,namecheap,,
2ff38504-5d43-44eb-866c-c3e8950815f7,sqm.now,premium,125,,54,11,4,name.com,,
302570ad-6e63-4aac-a7f4-bf877dde4269,sellon.now,available,49.98,,68,6,7,namecheap,,
30264eb4-32a5-4989-b120-b998d81b0944,madewaves.now,available,38.99,38.99,54,1,10,namesilo,,
30476fad-efc5-449c-a74f-f7354c137faf,uncared.now,available,49.98,,57,1,7,namecheap,,
307ef89e-a062-49e5-923c-31965e48e07a,eachtime.now,available,38.99,38.99,56,2,9,namesilo,,
30874694-5cc1-45a3-998d-55923c5c7be1,ontheropes.now,available,49.98,,59,2,12,namecheap,,
308d3722-aa9a-451f-af1c-5366849552e0,generalrank.now,available,49.98,,50,1,12,namecheap,,
30978146-f403-44e1-b85e-dd8cb9d3ab29,aboutto.now,available,49.98,,56,2,8,namecheap,,
30992a6e-beab-4c54-be69-219739715547,haveway.now,available,49.98,,74,1,8,namecheap,,
30b9e617-3b21-4ef4-baf0-c0416c872d26,notebooks.now,premium,116,116,56,9,9,namesilo,,
30e48278-77f0-4c69-bba0-ec75524cda8c,IsleofSheppey.now,available,49.98,,52,1,15,namecheap,,
30ef1761-6a71-4215-8f36-6e09e461edec,practitioners.now,available,38.99,38.99,48,5,13,namesilo,,
311fd5d8-4b23-431a-aeb0-f112af33b2a0,titles.now,available,49.98,,56,9,6,namecheap,,
3123f1db-15df-469a-b667-84e5feee95e9,skulls.now,available,38.99,38.99,44,8,6,namesilo,,
312456ab-53ac-4102-bd55-ff1ef5682686,commonrun.now,available,49.98,,68,1,10,namecheap,,
3126e9c6-009c-4447-860e-d07ebdb88d84,teeheehee.now,available,49.98,,88,1,11,namecheap,,
3162b7d1-920c-4407-ae90-49da54b157c3,seas.now,available,49.98,,58,13,4,namecheap,,
318f6121-917a-40e7-b385-726d8c68d671,coffeecake.now,available,49.98,,80,2,11,namecheap,,
31919206-2b52-4a55-9ff7-eb6ff36e9e10,thereaway.now,available,49.98,,58,1,10,namecheap,,
31944f80-9ade-4b76-bb0e-f481870f73ab,smashandgrab.now,available,49.98,,48,2,14,namecheap,,
31973dd8-a88e-43e9-8863-2fa4ae469166,necessities.now,available,49.98,,58,4,11,namecheap,,
31aa76f8-5584-467b-9484-b5519c89baff,windowdisplay.now,available,49.98,,42,2,14,namecheap,,
31c55473-d9cc-4ced-a245-19e5f3dbd4e6,sterilization.now,available,49.98,,66,3,13,namecheap,,
31c780d4-c790-4e17-914d-7257db4a751d,phases.now,available,49.98,,54,10,6,namecheap,,
31d49a4e-0a3e-4198-b9af-ddfe5790dfe2,pls.now,premium,125,,60,23,3,name.com,,
31d56ded-05e5-4613-a85c-9cb373293de8,doctors.now,resell,,,56,26,7,Dynadot Inc,14/10/2024 20:19,14/10/2026 20:19
31ece948-038e-463d-8b32-546c4ee3dec9,coffeecupful.now,available,38.99,38.99,80,1,12,namesilo,,
32038772-ab54-4401-855a-04b3ee84bbc2,sidewindow.now,available,49.98,,44,1,11,namecheap,,
3218079a-b3d3-489c-9969-1c20ea7e794b,likeashot.now,available,49.98,,56,1,11,namecheap,,
3236de68-69ad-4289-b2cd-adbe8f2a7ba0,amplifiers.now,available,49.98,,56,4,10,namecheap,,
323cb859-26bd-47c2-b4b4-c61729114a4c,informers.now,available,38.99,38.99,52,3,9,namesilo,,
323ff3c2-a619-4c9f-9e76-32c481fa0ff9,letpast.now,available,49.98,,75,1,8,namecheap,,
327664e8-c5a6-41ad-995f-2a1ff33c7691,isles.now,available,38.99,38.99,52,7,5,namesilo,,
32a7fff3-f7eb-4e12-aac7-17f346b82a8b,rakeover.now,available,49.98,,66,1,9,namecheap,,
32aaae66-a598-4b69-aab8-ece4e529caf4,permitted.now,available,49.98,,64,5,9,namecheap,,
32ae6c73-1400-4cc2-83c2-255d8d53de2b,busoperator.now,available,38.99,38.99,50,2,12,namesilo,,
32b6842d-e150-442b-8856-577a04e1eacc,secondarycare.now,available,49.98,,69,1,14,namecheap,,
32edcecf-5983-4d48-a120-ade439d988a6,brainwaves.now,available,38.99,38.99,56,8,10,namesilo,,
3316db3d-69a7-4221-8691-ee2e6b6d7662,sqft.now,available,49.98,,72,9,5,namecheap,,
33501cb7-36fd-4950-82ac-19dd11a2f026,hammerout.now,available,49.98,,70,1,10,namecheap,,
335e7e84-776a-42e7-9f66-7634f109f95f,introductory.now,available,49.98,,74,2,12,namecheap,,
338db335-767b-47e1-96fc-a88b1a26ec2f,decideon.now,available,49.98,,76,2,9,namecheap,,
33b0d7bd-da15-40c0-ac97-723e97d50513,carbonmonoxide.now,available,49.98,,54,4,15,namecheap,,
33c68c06-9153-4eae-8dd7-969d120b258d,offcampus.now,available,49.98,,67,7,10,namecheap,,
33cd500d-96b7-4be9-9b0f-b3b258ae34d0,Automobiles.now,premium,140,140,62,17,11,namecheap,,
33df66bc-35c1-42e8-ab6c-321f49838519,majorityproblem.now,available,49.98,,50,0,16,namecheap,,
3408f7e5-cffd-4463-8fd5-24bcea17be85,getlate.now,available,49.98,,72,1,8,namecheap,,
342575dc-5eb5-4a4c-967c-ced22b7094b1,wagons.now,available,38.99,38.99,52,4,6,namesilo,,
343c3d74-317d-492c-a83e-e8fb36006f27,proxybullying.now,available,49.98,,28,1,14,namecheap,,
344ef7fe-f9cf-4af6-9053-ee43489df5c4,porkrib.now,available,49.98,,55,0,8,namecheap,,
34504dd3-bcfe-494d-b3a3-477f39f96034,woes.now,available,38.99,38.99,46,4,4,namesilo,,
345ced9d-f1c0-451d-b8a3-9c2f141ed053,childdevelopment.now,available,49.98,,48,4,17,namecheap,,
347cbcc1-ca05-4ea6-a85f-3ae54451e5b7,manycore.now,available,49.98,,68,3,8,namecheap,,
3487b0b3-94f7-49d2-a135-438c336c11dd,trios.now,available,38.99,38.99,50,9,5,namesilo,,
348a0b20-0e04-44b4-8229-f5a0bfea4d4b,keeptogether.now,available,49.98,,68,1,13,namecheap,,
3491c132-25f3-4ee3-a105-22c00d980093,intermittently.now,available,49.98,,48,1,14,namecheap,,
34ac355f-837a-4928-8346-0d8022d9eada,terrifies.now,available,49.98,,39,1,9,namecheap,,
34cd274d-06e0-4f02-be4c-2d5e666dc7a0,choices.now,resell,,,60,12,7,Porkbun LLC,28/11/2025 21:43,28/11/2026 21:43
34e07bef-46f7-427e-a6df-0590761d9bb3,filesize.now,available,49.98,,64,2,9,namecheap,,
34f39c2e-1e3d-4520-94ee-4915d78df7f3,Ihateyou.now,available,49.98,,52,4,10,namecheap,,
350018ad-0609-428a-908a-08cb6af9a662,units.now,available,49.98,,56,16,5,namecheap,,
350e53b2-024f-4373-aa0b-edb00d6dfb37,wrists.now,available,38.99,38.99,49,3,6,namesilo,,
352cee4f-c6e7-48dc-ab5c-6d527ae87065,distinctions.now,available,38.99,38.99,62,3,12,namesilo,,
35793f36-5d00-46a4-8d3d-32e5c653a451,thefixisin.now,available,49.98,,38,1,13,namecheap,,
35b1df91-b9e6-4fac-aee5-7df19bc90809,remembered.now,available,49.98,,65,8,10,namecheap,,
35d8c016-ce55-482b-97ab-3f8acbdc7005,propagates.now,available,38.99,38.99,49,1,10,namesilo,,
3601ccf2-1edf-4c2b-89c8-9db262033e11,placeanorder.now,available,49.98,,72,0,14,namecheap,,
3615c47c-b247-44f1-ad52-3c783838dfac,adds.now,available,49.98,,56,9,4,namecheap,,
36172a4d-92e6-4f4f-a642-de98bc08df55,divinejustice.now,available,49.98,,49,2,14,namecheap,,
361b6dbd-fd56-47e1-a24a-1b94a0a73e23,chapstick.now,available,49.98,,78,5,9,namecheap,,
36230417-1592-4e15-8358-dd9b8e6abee7,flipflops.now,available,49.98,,52,5,10,namecheap,,
36385873-dfe8-4c36-b57b-7c9bfd8c2af4,relics.now,available,49.98,,52,7,6,namecheap,,
3646e498-94cc-463b-b016-716e14c08236,couldnotcareless.now,available,49.98,,38,0,19,namecheap,,
3655c237-949b-416e-933f-95fea11718a4,privatelife.now,available,49.98,,78,4,12,namecheap,,
365a4651-bec4-4dcf-8d3b-25440473fee7,goape.now,available,49.98,,76,5,6,namecheap,,
366bf892-676d-4a0b-aae1-a7290565ac49,pumping.now,available,49.98,,76,8,7,namecheap,,
3673ceab-41cc-4f9f-9653-622ecab5e41d,getlife.now,available,49.98,,80,5,8,namecheap,,
367e6ff3-4169-4e99-978a-205984c457aa,Ichooseviolence.now,available,49.98,,44,1,17,namecheap,,
3680e9c3-e613-4a55-8b3a-cd30c775e2ec,piledup.now,available,38.99,38.99,52,1,8,namesilo,,
368d1b48-8c49-46f6-b3cd-d191ff5de9d2,hitormiss.now,available,49.98,,66,3,11,namecheap,,
36ae44a5-4f7d-4d67-a5c6-350c46646086,reports.now,resell,,,58,24,7,"Spaceship, Inc.",27/07/2025 23:26,27/07/2026 23:26
36b61f5f-16ed-472f-a989-bcbb8f82a6a5,littlepeople.now,available,49.98,,70,4,13,namecheap,,
36c02260-004f-4683-a6fc-25f0919ab82c,GoldenValley.now,available,49.98,,58,6,13,namecheap,,
36c89ace-3331-4df3-8b9b-47d1abf9ef8a,dowithout.now,available,49.98,,68,1,10,namecheap,,
36cb4a08-7bc4-4e6b-ba4b-d15502afbcf0,oaks.now,available,38.99,38.99,53,16,4,namesilo,,
36cbfdc9-a49d-4f63-a638-0438660ac0e7,skirting.now,available,38.99,38.99,64,3,8,namesilo,,
36f2c066-190b-42e9-ae0d-43a01201994a,spheres.now,available,38.99,38.99,50,10,7,namesilo,,
370960b5-1d66-4454-a38b-67f46759d6da,lightupon.now,available,49.98,,72,2,10,namecheap,,
370d4745-1fec-4b8a-b5da-16842dd20841,makeupkiss.now,available,38.99,38.99,67,1,12,namesilo,,
371604e6-55d6-4007-a252-88833ef6b251,pillowcases.now,available,38.99,38.99,54,2,12,namesilo,,
371c3dd8-a278-4c81-a32b-b0966afbf8d9,inchargeof.now,available,49.98,,49,1,12,namecheap,,
37203574-298f-40cf-a95d-d93522089c8e,timbertruss.now,available,49.98,,54,2,12,namecheap,,
3752ad12-abc7-492e-b50c-e90263676e44,keepoutof.now,available,49.98,,68,0,11,namecheap,,
375488c7-0893-4401-b42d-7bd336915e50,cloaks.now,available,49.98,,50,5,6,namecheap,,
3762edc6-84da-456a-80a4-7b71ad8c6e36,getthedrift.now,available,49.98,,66,1,13,namecheap,,
37759a2c-7791-45a2-9a90-e7836b7f5d28,Lordonlyknows.now,available,49.98,,58,1,15,namecheap,,
37960978-2b9f-40ff-81f6-d97bba7f9152,getoveron.now,available,49.98,,72,1,11,namecheap,,
37c0b4e3-05e7-4209-bc91-b3ababaefa6b,Henri.now,available,49.98,,66,15,5,namecheap,,
380ea6fb-5437-4159-bce7-f06d6ecbc498,reflects.now,available,49.98,,50,6,8,namecheap,,
382876ac-5d59-4f9f-8d73-dd18a4858907,thrilly.now,available,49.98,,71,2,7,namecheap,,
385deb70-9dec-40af-8db1-f9f6c2ba12bd,gonowhere.now,available,49.98,,62,2,10,namecheap,,
38674e84-a5ca-4834-a768-4e6b3a389f1f,failed.now,available,49.98,,60,11,6,namecheap,,
386cb52b-9c69-40cc-b6f5-336d96971d71,thebird.now,available,38.99,38.99,58,6,8,namesilo,,
387e0b71-c36c-4059-bf38-31a51136a8ae,useto.now,available,38.99,38.99,72,2,6,namesilo,,
38a5c884-c459-40ee-9aba-42c9fbbbecb2,expires.now,available,49.98,,50,4,7,namecheap,,
38bb8538-0b72-4fec-b83f-4aa33571254b,propernouns.now,available,38.99,38.99,48,1,12,namesilo,,
38d14951-8499-44c2-af29-da91926c4ada,sanded.now,available,49.98,,66,1,6,namecheap,,
3923d474-bee2-4c48-b367-3f5e2db53e23,divineintervention.now,available,49.98,,68,6,19,namecheap,,
393be41e-9b39-4e76-89d8-593e772e67ea,updates.now,resell,,,54,15,7,Dynadot Inc,11/07/2025 20:13,11/07/2026 20:13
398101cd-7a98-47ec-910a-a690d17d7f5e,costcutting.now,available,49.98,,64,3,12,namecheap,,
398dd3c5-ac27-48e8-8024-e112806b067a,truer.now,available,38.99,38.99,57,8,5,namesilo,,
39a2a318-0855-48c1-979b-2a59bdc5be75,elephants.now,available,49.98,,68,9,9,namecheap,,
39c30135-2b88-444b-a9aa-43df99f81ada,motorinn.now,available,49.98,,74,1,9,namecheap,,
39c90da6-40ce-4c42-9c99-cf88a24ad3ee,herbalmedicines.now,available,49.98,,52,2,16,namecheap,,
39f514dc-7d52-4b44-9409-811ba5817d09,letitsnow.now,available,49.98,,69,4,11,namecheap,,
39f9352d-db57-4d34-b105-63508146af90,stabilization.now,available,49.98,,66,3,13,namecheap,,
3a088026-efd8-4ba6-a9ed-1e9bf9d0c12b,deepbreathing.now,available,49.98,,74,2,14,namecheap,,
3a0f0177-c33d-494b-af40-d4bb0a56ff3f,tunafish.now,available,49.98,,74,3,9,namecheap,,
3a12807c-9e7f-4fed-8867-036310d02cc1,overwhelmed.now,available,49.98,,48,5,11,namecheap,,
3a214a0d-7447-4bc9-a9aa-088d01846a91,blueberries.now,available,49.98,,70,9,11,namecheap,,
3a2e18fe-9260-44c7-bc5d-a8be533af202,trumpeted.now,available,49.98,,53,1,9,namecheap,,
3a31b930-57d3-4faa-ae48-85583153a29d,pairingoff.now,available,49.98,,50,0,11,namecheap,,
3a63b4a1-9bd3-469f-9b2a-176771a580f1,breastfeedings.now,available,38.99,38.99,48,1,14,namesilo,,
3a9135fa-66a3-4e85-85bc-b11f1898f4e5,givelife.now,available,49.98,,58,5,9,namecheap,,
3a94e911-613a-4843-a42d-2b6e7d868b63,inthewayof.now,available,49.98,,44,0,13,namecheap,,
3ab6bcba-8772-4334-8223-9ca86bc6a1d2,letonego.now,available,49.98,,77,1,10,namecheap,,
3abd887b-209d-4e4f-a6c0-3ff0a7a5d623,introductions.now,available,38.99,38.99,56,4,13,namesilo,,
3ac189e0-48d6-483a-bcf0-f46c4fb8f423,couldof.now,available,49.98,,49,1,8,namecheap,,
3ac83ee0-8ddc-4477-b9f2-6640d164c982,troublefree.now,available,49.98,,66,6,12,namecheap,,
3ace43f9-f24e-4ff8-a47f-20d155f7aaee,joggingsuit.now,available,49.98,,61,1,12,namecheap,,
3af127fd-6433-42d1-99c6-71bd618e159f,comeintobeing.now,available,49.98,,68,1,15,namecheap,,
3afa3566-3c74-40d5-8385-8c8ce9db7c6b,poreover.now,available,49.98,,62,1,9,namecheap,,
3b0303e5-fdb5-48dd-a90f-f550352923b7,cheeseontoast.now,available,49.98,,64,1,15,namecheap,,
3b1a22d8-619a-4f7c-8790-d8a4ecc01a00,Germanpotatosalad.now,available,38.99,38.99,56,1,19,namesilo,,
3b4795c5-59ac-4451-b5ef-98a374eea62a,goAWOL.now,available,49.98,,46,2,7,namecheap,,
3b57bcfb-f946-471b-a3b8-e132e947888b,makewhole.now,available,49.98,,80,2,10,namecheap,,
3b834690-ad0d-4333-a76b-0d708a4e1ae4,arrests.now,available,49.98,,46,5,7,namecheap,,
3bb17cf3-27a0-4269-9b96-22943879cfc6,fastgrowing.now,available,49.98,,72,3,12,namecheap,,
3bb962fe-b388-4483-a1a1-c8ac662ca42b,takealeak.now,available,49.98,,63,1,11,namecheap,,
3be21b79-e899-49c5-b553-7befb18c94cc,goalongwith.now,available,49.98,,70,1,13,namecheap,,
3bed6f62-467d-4ef4-90bb-6d543f628abc,communities.now,premium,125,,68,19,11,name.com,,
3bffece4-a936-46e8-8950-d0e8e89a7806,costcontrol.now,available,49.98,,52,4,12,namecheap,,
3c0ee6a3-5ddf-454e-b82e-50a98e7fd1a0,secondyear.now,available,38.99,38.99,66,1,11,namesilo,,
3c23f1fc-f53b-4ab8-938f-2e8c682af4ab,deepdiving.now,available,49.98,,76,2,11,namecheap,,
3c31fa9e-4aae-4cf5-a8bb-2ee32eae082f,hammerhome.now,available,49.98,,70,2,11,namecheap,,
3c34187d-130f-460c-a714-7c30a2b19c76,turnedup.now,available,38.99,38.99,56,2,9,namesilo,,
3c4043e2-0f2f-49f3-8570-b12d53d89ff9,splints.now,available,49.98,,63,1,7,namecheap,,
3c51f450-a656-4f4f-8a29-12f92100942a,ballplaying.now,available,49.98,,70,1,12,namecheap,,
3c682c10-a225-48e9-a8b9-398008dccf9d,beaches.now,premium,116,116,72,14,7,namesilo,,
3c835509-e456-4e95-b8cd-ed9a8234ced2,explanations.now,available,49.98,,50,2,12,namecheap,,
3c8476cc-35de-4dc0-89db-4ee65afecb0a,oppositions.now,available,38.99,38.99,48,2,11,namesilo,,
3c8821e7-e96d-4b02-8075-72e76257f2e4,cups.now,available,49.98,,60,12,4,namecheap,,
3c9d2a62-2aab-455d-9444-d10bfcf8c03e,propranolol.now,available,38.99,38.99,68,5,11,namesilo,,
3caac3bf-da3b-4653-9857-1f58fa4f0fff,turns.now,available,49.98,,62,7,5,namecheap,,
3cf7c001-24d5-4a1c-ab96-70f4de3117a4,motorvehicles.now,available,38.99,38.99,42,1,14,namesilo,,
3d0c50ad-0ca0-49b7-875b-7b19e5105047,myGod.now,available,49.98,,74,9,6,namecheap,,
3d191fda-9f0c-4e81-b3e3-d1f2e553b68e,approaches.now,available,49.98,,70,3,10,namecheap,,
3d1c8902-8e03-4455-8f20-1bb32ce523d0,coffeemakers.now,available,38.99,38.99,62,3,12,namesilo,,
3d223958-72e6-48c1-bf64-7b165afdad46,workingorder.now,available,49.98,,64,1,13,namecheap,,
3d3305c8-97a0-47f0-9e6a-d556ad4f706c,commented.now,available,38.99,38.99,48,2,9,namesilo,,
3d342131-11e3-450d-882a-adf29d0468a3,turnedback.now,available,38.99,38.99,53,1,11,namesilo,,
3d590c8a-52b5-4b8a-906a-eab68eba3e90,signout.now,available,49.98,,75,4,8,namecheap,,
3d599810-f683-4bca-bab3-7e98119235af,horses.now,premium,125,,56,14,6,name.com,,
3d629b9d-5286-46b4-8b29-6ca86eb24c4e,fellowships.now,available,38.99,38.99,52,4,11,namesilo,,
3d65bf03-247c-4a72-b591-464196baf033,setapart.now,available,49.98,,72,8,9,namecheap,,
3d863c4c-d06a-40dc-b0da-a800b32d79cb,MiddleAmerica.now,available,38.99,38.99,54,2,14,namesilo,,
3dc564da-bbfa-4915-bac9-45a7f122d726,lordoftherings.now,available,49.98,,80,5,17,namecheap,,
3e0779ed-02c8-40e0-9996-844a34900e6a,costsaving.now,available,49.98,,68,2,11,namecheap,,
3e080c90-3e83-4e3d-8652-6633bbbf11ed,GrandExchange.now,available,49.98,,56,5,14,namecheap,,
3e255976-6766-45eb-ab00-f209bc758509,donuts.now,resell,,,54,62,6,"Spaceship, Inc.",05/11/2024 13:46,05/11/2026 13:46
3e492297-d82f-4491-8b50-5ca757bb1b03,yielded.now,available,49.98,,56,3,7,namecheap,,
3e518dd9-7c0f-4ab2-b2d7-7e009febe896,IChing.now,available,49.98,,68,14,7,namecheap,,
3e63b16e-0138-4d33-a46e-a4b206dbc9ec,manysortedlogic.now,available,49.98,,64,1,17,namecheap,,
3e6e9b0c-a7bc-4ff1-984c-e778660fd82d,managers.now,available,38.99,38.99,56,10,8,namesilo,,
3e78d2f4-f7c6-4cf4-aa28-444e98136b81,hospitals.now,resell,,,64,10,9,Porkbun LLC,28/11/2025 07:35,28/11/2026 07:35
3e7e3c8c-af6d-479b-9e5c-9aa68997a2f8,devoting.now,available,49.98,,56,2,8,namecheap,,
3e83304b-f887-4b48-a075-16452468d8d2,officekeeper.now,available,49.98,,45,1,13,namecheap,,
3e8bf9b6-1b8d-4823-b82d-0ed677d4fea2,officedesk.now,available,49.98,,55,5,11,namecheap,,
3ebf2b41-dde7-4e89-b687-2b4b887467dc,comeonover.now,available,49.98,,78,2,12,namecheap,,
3ec08e4c-c282-4545-88ed-1161ca58a37b,massagetherapy.now,available,49.98,,76,8,15,namecheap,,
3ece8362-d8bb-40df-98d8-02e9d162145c,magazines.now,premium,125,,60,11,9,name.com,,
3f26a2ce-4353-40e8-9dbd-7c8912a41d66,costefficient.now,available,49.98,,60,1,14,namecheap,,
3f747658-e993-4a3b-af6a-fd6411613c15,reflexes.now,available,38.99,38.99,55,4,8,namesilo,,
3f913b5e-b9d5-40fb-8d8f-814c118358e6,manybodied.now,available,49.98,,68,1,11,namecheap,,
3f91db5c-554c-409f-a067-227c938a8ec2,dogsbodies.now,available,38.99,38.99,76,1,10,namesilo,,
3f9313ed-f0c7-4d1b-a1ca-008aba662f68,weekends.now,available,38.99,38.99,64,8,8,namesilo,,
3fa06eb9-4c8b-4bf3-9e6d-569ace130a43,sanctions.now,available,38.99,38.99,52,8,9,namesilo,,
3fafb02c-4023-4d3a-9e1e-3c9d9b730bfc,cousins.now,available,38.99,38.99,68,11,7,namesilo,,
3fafca0b-fb1e-4b14-a37b-e2d60673f096,relationships.now,available,49.98,,48,12,13,namecheap,,
3fb0bb6a-9346-44f7-88b7-c6863001c8be,getthehint.now,available,49.98,,74,1,12,namecheap,,
3fc111f4-1345-4daa-93dc-8fb99c0b01aa,commonnouns.now,available,38.99,38.99,54,0,12,namesilo,,
3fdba44c-cdb9-4869-ab56-df56b3eb49ae,godownhill.now,available,49.98,,68,1,11,namecheap,,
3fdf8801-60b8-49f9-a525-3b66a490aa3b,defaults.now,available,38.99,38.99,44,7,8,namesilo,,
40128f63-af2c-41f1-abab-65d49b72bb91,catered.now,available,49.98,,56,5,7,namecheap,,
403c633b-cd9d-4616-90ae-c8d19a9440bb,gettingsome.now,available,49.98,,54,1,12,namecheap,,
407291d3-db0b-4879-9aff-55d86918a258,fittest.now,available,49.98,,58,7,7,namecheap,,
40918308-2d89-4fbb-9f5e-15b1de83a30c,transported.now,available,49.98,,61,4,11,namecheap,,
4092241e-d7e4-4040-9777-6fe1a259093b,strips.now,available,38.99,38.99,51,7,6,namesilo,,
40aaa743-d610-4d57-8993-5fcb542ca75c,insuchaway.now,available,38.99,38.99,44,1,13,namesilo,,
40ae39dd-7991-4897-b796-1df3728dfc07,LongBeach.now,premium,140,140,62,11,10,namecheap,,
40b7a107-9350-48ff-870d-3c6ab9ad65a8,landedproperty.now,available,49.98,,42,1,15,namecheap,,
40c40b70-c3d5-4016-8364-008eebca7e77,corrections.now,available,49.98,,68,6,11,namecheap,,
40c7bf99-0f48-445e-965c-fd7d97d812c3,countries.now,resell,,,60,10,9,Porkbun LLC,30/11/2025 14:09,30/11/2026 14:09
40df59c3-c3ac-4cdb-b0e0-1647be78cc45,finalrespects.now,available,49.98,,42,1,14,namecheap,,
4105c8ac-9887-4134-8172-9b823de6f08d,decoders.now,available,38.99,38.99,50,5,8,namesilo,,
41069711-6819-4ba1-91c8-51e480aadc34,coffeemaking.now,available,49.98,,72,2,13,namecheap,,
4106977d-ea88-4d90-9a2e-7e1f2aed92b2,networks.now,premium,125,,60,20,8,name.com,,
410c9922-9b72-4a9d-9a68-67aef70a8b9c,justgone.now,available,49.98,,61,2,9,namecheap,,
411eb762-82a6-496a-ab46-8351e85b5c1e,WiFi.now,resell,,,83,37,5,Dynadot Inc,08/10/2024 04:05,08/10/2026 04:05
41266a0b-d658-4e74-8b01-2eb0317d0ed4,Qtips.now,available,49.98,,60,4,6,namecheap,,
41335329-4e45-447b-b886-e37b4b825730,advantageground.now,available,49.98,,48,0,16,namecheap,,
41902698-c67f-446c-b35e-cd88054cd8ce,compilation.now,available,49.98,,68,7,11,namecheap,,
41926657-69a6-452d-9cee-fdaa8f186e0f,pads.now,premium,116,116,68,10,4,namesilo,,
4197d6b8-b2ef-4a48-a997-dae77d8576f8,supervillains.now,available,38.99,38.99,46,2,13,namesilo,,
41a9345e-d080-47cd-81ca-df8e58a6c17c,letterofdismissal.now,available,49.98,,44,1,19,namecheap,,
41b67da0-299c-4879-b393-7f0fc203c6f0,tospare.now,available,49.98,,54,0,8,namecheap,,
41ca514c-b77c-4d0d-a7f2-2ed02ab88756,sucks.now,premium,625,,48,11,5,name.com,,
420cf376-af28-4590-8ac5-2ddcf94f8fdd,guards.now,available,49.98,,76,9,6,namecheap,,
420cf392-e17a-45ee-87ba-76c3ad1fe1b5,letup.now,available,49.98,,74,3,6,namecheap,,
422b3192-be5f-457a-997c-ec4b60516968,leavenocrumbs.now,available,49.98,,70,1,15,namecheap,,
4246f6f8-11a9-45ae-8d25-72cc6c6858ab,believes.now,available,38.99,38.99,64,4,8,namesilo,,
424a5f3f-786c-4b54-83e5-d51e748ea733,getwet.now,available,49.98,,74,5,7,namecheap,,
42541bbe-2a4a-4bb2-a6c7-52c0bbb465ec,pulls.now,available,49.98,,52,6,5,namecheap,,
4258c71d-55e7-48e5-9e14-e0c7c6798f4e,manyeyed.now,available,49.98,,68,1,9,namecheap,,
42909edb-13b7-45f0-8eba-02e6e1dc10e4,focuses.now,available,38.99,38.99,56,4,7,namesilo,,
42b2826e-61b3-4352-b5fa-a0ba0176af06,tradeunions.now,premium,116,116,48,1,12,namesilo,,
42c60d16-2902-4c25-833d-6e21006c46d2,spiders.now,premium,125,,56,10,7,name.com,,
42c6ecde-ed10-4287-b569-3a73a13a80ab,takeoffice.now,available,49.98,,77,2,11,namecheap,,
42ef90ec-e77a-42aa-b3f8-c32e290d1d73,sitaround.now,available,49.98,,66,1,10,namecheap,,
430c9821-e659-45a1-8d7b-2d434b978035,rugbyfootball.now,available,49.98,,68,2,14,namecheap,,
43178a69-d3c0-4975-a5a5-f8c9e963e318,turnedon.now,available,49.98,,52,3,9,namecheap,,
433d4d93-544f-4424-914b-604764e7ffd9,fitlikeaglove.now,available,49.98,,76,1,16,namecheap,,
437aff5f-881d-4a9c-b52c-9795f5639816,lunchboxes.now,available,38.99,38.99,60,4,10,namesilo,,
438b4fca-bac2-4a6e-a374-2efbffe5f606,transmitted.now,available,49.98,,64,1,11,namecheap,,
43966e36-8587-40f2-9690-8599db47420f,sported.now,available,49.98,,59,2,7,namecheap,,
439f8774-e94d-4638-810a-e4976d35ec5e,spillover.now,available,49.98,,68,4,10,namecheap,,
43a88e5c-221c-4a1a-9f09-0fe9ca41bb91,brands.now,resell,,,62,28,6,Dynadot Inc,03/12/2024 23:39,03/12/2026 23:39
43c719d7-b446-465e-89c3-f527313a94a0,dresses.now,premium,125,,58,10,7,name.com,,
43cfcc79-37d9-4b24-ac3e-e02314d005cb,populations.now,available,49.98,,50,4,11,namecheap,,
43d75a2b-dbaa-4a19-9120-74210eafd913,fundamentalism.now,available,49.98,,58,2,14,namecheap,,
43f1e49f-4fc6-4c95-8a39-86701dda71fc,bolts.now,available,49.98,,50,11,5,namecheap,,
4409b1bd-73b6-4749-8b43-449327dbd6b8,instyle.now,available,49.98,,78,12,8,namecheap,,
441c0361-d884-4b7f-bcc7-998bd3152a57,noless.now,available,49.98,,62,4,7,namecheap,,
441eb33e-8bf1-44ed-8bc6-98af0dc1115f,intheway.now,available,49.98,,70,3,10,namecheap,,
44a276e9-f743-46cf-85ba-8837d7ed2c0d,cements.now,available,38.99,38.99,56,3,7,namesilo,,
44af7615-4bc6-42f6-8a6d-910929cacd4d,Allie.now,available,49.98,,72,21,5,namecheap,,
44bc77e2-c9b4-47da-99aa-ed5b4c6d194f,remedied.now,available,49.98,,58,1,8,namecheap,,
44bce06c-56f4-4960-81fc-0b10f93f979b,buttercups.now,available,49.98,,68,4,10,namecheap,,
44d3a50e-f1e5-4742-937a-4de22e443a56,Eliza.now,available,49.98,,72,19,5,namecheap,,
44d409d3-6786-4d5d-9cc4-35787035f6de,asquoted.now,available,38.99,38.99,48,1,9,namesilo,,
44da3178-fee8-4652-95ea-f29f897a3e10,cabins.now,available,38.99,38.99,58,9,6,namesilo,,
44dfa684-9f37-4833-af7d-8a4ee8053118,hangbyathread.now,available,49.98,,56,1,16,namecheap,,
44f2b86b-d3c7-4c15-ab11-a02b1af5d1a2,letonerip.now,available,49.98,,75,1,11,namecheap,,
451a813a-757e-46be-99c9-f744d9d36420,cutthrough.now,available,49.98,,74,6,11,namecheap,,
4529c27e-49d4-4c52-be3e-8c1ce6663cd7,newsreporter.now,available,49.98,,46,4,13,namecheap,,
45369349-ad52-44b5-b7fd-7c1d6c97ab82,politicians.now,available,38.99,38.99,44,7,11,namesilo,,
45565589-8737-42b3-a1b1-d5630aa8255d,CountyofMeath.now,available,38.99,38.99,42,1,15,namesilo,,
45640f37-df31-42d1-be92-11b7a30c8b83,Phillip.now,premium,140,140,70,14,7,namecheap,,
458fee17-84e9-4432-8a13-a9b8f6edbc37,BonfireNight.now,available,49.98,,64,1,13,namecheap,,
45908457-f356-4d4d-959b-18ccc6c943ba,businesses.now,premium,125,,60,12,10,name.com,,
45a20f2a-cb47-44df-ac58-ba7f566d603d,redevelopment.now,available,38.99,38.99,62,4,13,namesilo,,
45ab32c6-0297-4f0f-bc22-164c57ab8bf9,loaned.now,available,49.98,,52,3,6,namecheap,,
45c89731-5197-4c1e-8211-5c3858058202,VanGoghs.now,available,38.99,38.99,53,2,9,namesilo,,
45e74032-0f94-405a-baaf-d5d54349c0e8,plusses.now,available,38.99,38.99,56,1,7,namesilo,,
461a9ff3-9baf-4ae1-8791-90d5a6138510,thanksaton.now,available,49.98,,62,1,12,namecheap,,
4627dcd5-80a9-41d2-b646-3810baf41561,tells.now,available,49.98,,62,7,5,namecheap,,
464d0490-badb-41c7-96fa-8daa012cfd28,childrapist.now,available,49.98,,38,1,12,namecheap,,
46535934-ded3-447c-b5b7-0e9aab2b909f,getthroughto.now,available,49.98,,49,1,14,namecheap,,
4654ec44-55d3-4d92-be21-693cb0ef743f,disappointments.now,available,38.99,38.99,30,1,15,namesilo,,
469fae70-e788-4aa0-8e19-f72ce54b32eb,mosquitos.now,available,49.98,,42,5,9,namecheap,,
46acab6e-f6f5-45a7-b816-6e9b3bdbefe0,races.now,available,38.99,38.99,60,8,5,namesilo,,
46ba97da-5973-4e7b-b98a-4024ca65bded,travellers.now,premium,125,,53,11,10,name.com,,
46c4255f-38f5-4f14-8991-3400d208e861,letsomethingride.now,available,49.98,,67,1,18,namecheap,,
46ea4858-6563-434e-bfaf-b2a3ae003769,paradoxes.now,available,38.99,38.99,70,3,9,namesilo,,
46ec506f-f787-484a-a851-4fa0b73f227c,upperlip.now,available,49.98,,52,1,9,namecheap,,
47227d06-ebc5-4f41-a807-1955b8bf40d8,summarizing.now,available,49.98,,46,2,11,namecheap,,
4727406d-daab-496f-91e4-3708e81f58c7,rarer.now,available,38.99,38.99,52,3,5,namesilo,,
47286e32-865c-4682-b15c-38097974fa03,screenshots.now,available,38.99,38.99,49,9,11,namesilo,,
472c7a4b-efcb-4deb-8762-d76585577ffb,performed.now,available,49.98,,58,3,9,namecheap,,
475e52f7-3efe-48f4-b796-784b3166bb38,constants.now,available,38.99,38.99,70,4,9,namesilo,,
4767d589-9a8c-4e89-8450-7396a5038c1e,gettothebottomof.now,available,49.98,,66,1,20,namecheap,,
476eefe8-6e25-41d0-a6fd-cd71b2f91263,passports.now,premium,116,116,59,10,9,namesilo,,
4778136a-7a83-481a-b4b1-a926f3daa7f7,haveyoumetme.now,available,49.98,,44,1,15,namecheap,,
47a2f539-5b02-4783-9097-962534a40965,comeintoeffect.now,available,49.98,,70,0,16,namecheap,,
47a64a8e-bceb-44a3-b6f1-c482c8194963,equations.now,available,49.98,,54,5,9,namecheap,,
47aaceeb-c21a-425e-9f04-8e07906f7608,getoutofDodge.now,available,49.98,,62,1,16,namecheap,,
47adde14-6742-4c88-8957-68531b9c7ea4,dataentry.now,available,49.98,,72,6,10,namecheap,,
47af051f-89f7-4293-9b77-3929f280941c,AcademyAward.now,available,49.98,,76,1,13,namecheap,,
47b0ce29-2662-47bd-849d-9442e2cf8a01,believein.now,available,49.98,,68,6,10,namecheap,,
47e504be-862a-4a3c-9b3e-b243b3a07ac0,whitewater.now,available,49.98,,82,17,11,namecheap,,
47f6eb33-0508-4a22-a19e-47288d62b40b,tales.now,available,49.98,,72,14,5,namecheap,,
47f879f0-c9e3-40ec-b4f3-aa88cb5d866c,generals.now,available,49.98,,52,6,8,namecheap,,
481e53ad-5230-4715-a260-a8268a7d8481,turndown.now,available,49.98,,74,4,9,namecheap,,
48259230-39ab-4cad-af11-3f099d8e2705,singleout.now,available,49.98,,72,1,10,namecheap,,
482eceac-ef7f-422f-9406-3d3be4a4da49,Ihavediabetes.now,available,49.98,,50,2,15,namecheap,,
482f0100-cd70-4219-a442-5f02c260c548,combinations.now,available,49.98,,56,4,12,namecheap,,
483b05c5-4e5a-441c-b3ed-c935e37c0742,IliveinMelbourne.now,available,49.98,,50,0,19,namecheap,,
4886da09-bab4-48f0-a1eb-3d8bf93c05f3,cometofindout.now,available,49.98,,42,1,16,namecheap,,
48b4e02e-466c-4cdc-84d5-504dd7f387b2,collarbones.now,available,38.99,38.99,48,1,11,namesilo,,
48c6514d-72bf-4070-b6a4-bc2769331928,distinctivefeature.now,available,49.98,,54,0,19,namecheap,,
49231bdf-f1aa-4b06-894c-eb9c4e2936ec,intheissue.now,available,49.98,,50,1,12,namecheap,,
492601cc-d114-46a4-ab4b-a9c13219d977,goinon.now,available,38.99,38.99,74,2,8,namesilo,,
49339de8-c914-4685-b3e5-aef803c9d228,communityservice.now,available,49.98,,72,5,17,namecheap,,
4979f3ad-ecf7-42b5-9fae-7898f51a0daa,postponement.now,available,49.98,,57,1,12,namecheap,,
497bad32-5b93-4ae2-bbaf-8b7e7681cb92,weddingcake.now,available,49.98,,85,5,12,namecheap,,
4980c1a2-7626-4440-8a4b-6bb3b51dbc9f,pens.now,premium,116,116,48,12,4,namesilo,,
49d9a79e-98ef-4e96-afeb-dc1d430a7b3d,insummation.now,available,38.99,38.99,50,1,12,namesilo,,
49def1fd-8137-401d-bd84-b65e64c46714,replies.now,available,49.98,,54,7,7,namecheap,,
49ffe2af-38ba-4ce0-9de3-d6fe2fc69fa8,OttomanEmpire.now,available,49.98,,64,2,14,namecheap,,
4a30a8ca-a1b9-45be-ba90-0c5cbb602076,reallife.now,available,49.98,,68,17,9,namecheap,,
4a33dab2-82ff-4858-8bc0-f4e2d254ea4a,highrelief.now,available,49.98,,71,0,11,namecheap,,
4a4a3b1e-fd4e-4bb8-ab95-696009604d71,inhospital.now,available,49.98,,60,1,11,namecheap,,
4a4cc672-94bf-4c6a-8319-232b83de1285,cashiers.now,available,38.99,38.99,50,7,8,namesilo,,
4a6a3842-ca05-450e-a19c-542916b1b51c,cuttherug.now,available,49.98,,76,1,11,namecheap,,
4a8e4d21-ee27-4db8-84bb-a7cca02c6fa8,bosses.now,available,49.98,,54,8,6,namecheap,,
4ad0ccb6-78ca-469c-88ec-d441d8d693f9,coffeeaulait.now,available,49.98,,72,1,14,namecheap,,
4af414db-1e95-41b0-938d-6d2f363be240,lightsout.now,available,49.98,,56,12,10,namecheap,,
4b2183b8-c720-4362-a582-f2717467c8c4,mainlines.now,available,38.99,38.99,52,2,10,namesilo,,
4b7a2988-031b-47a9-9556-fa22a9dd70ed,deciders.now,available,38.99,38.99,56,3,8,namesilo,,
4bde195d-38bd-4683-bd0f-0b09443f5f53,chestnuts.now,available,38.99,38.99,54,5,9,namesilo,,
4c2baa50-d996-4aaf-a2df-b63d1a45122d,pipecleaners.now,available,38.99,38.99,45,1,13,namesilo,,
4c330fb7-4fc4-4cb4-ba7d-a837d3b4dddc,fillintheblanks.now,available,49.98,,64,2,18,namecheap,,
4c3b8f01-290b-4ba8-ab80-6bb8d4ee4d0b,requirements.now,available,49.98,,56,9,12,namecheap,,
4c3ca871-9ee6-4d61-aacd-400b6e1a64c4,referredto.now,available,49.98,,46,1,11,namecheap,,
4c52489f-5e2d-4f75-bcb0-0a6f81acbc20,sees.now,available,49.98,,52,10,4,namecheap,,
4c5623c2-15a1-4750-9db7-dba25ffc0e65,IsleofPortland.now,available,49.98,,52,2,16,namecheap,,
4c745a38-3945-4dba-ba38-cf7f1ab083a1,variables.now,available,49.98,,50,6,9,namecheap,,
4c78c597-4b50-4806-94bc-6d62e5ea32f8,onthemove.now,available,49.98,,72,10,11,namecheap,,
4c9a1c58-d20b-4ea0-b8f1-f61eb0ac2c27,fellowfeel.now,available,49.98,,72,1,10,namecheap,,
4ca5d752-a4e8-4476-9467-1f903c058acc,makebelieve.now,available,49.98,,76,9,12,namecheap,,
4cb76a3c-7e00-4800-988c-9ebbf7e97366,lunchtime.now,available,49.98,,78,8,10,namecheap,,
4cb8988c-14d2-46de-8a71-0443489aa137,DistrictofColumbia.now,available,49.98,,52,4,20,namecheap,,
4ccf3492-842c-4cef-8ac3-2cb2b103ea03,favours.now,available,49.98,,66,4,7,namecheap,,
4cd45412-74d9-4dc6-b07f-900256bdbe25,indetail.now,available,49.98,,49,4,9,namecheap,,
4cd7d097-b223-49f2-9f5e-454e45835c01,whitewine.now,available,49.98,,76,6,10,namecheap,,
4cf69b6a-340b-4d5e-8409-04ddca64fd42,inthesameboat.now,available,49.98,,48,2,16,namecheap,,
4cfde3d8-a5fb-4809-9155-060fff016ff9,phones.now,resell,,,76,19,6,"NameCheap, Inc.",16/10/2024 17:13,16/10/2026 17:13
4d0f6a54-0a9f-42cb-a1c9-1b11d477ddc7,sticks.now,available,49.98,,60,11,6,namecheap,,
4d33e4af-2908-4492-8d87-a1262d56bc13,resumed.now,available,49.98,,56,4,7,namecheap,,
4d37584a-a29d-4de3-8c0c-339d42af18bb,CountyofWilkin.now,available,38.99,38.99,42,1,16,namesilo,,
4d64dd61-c3d5-4396-a5fa-c1be92d816d1,gobackto.now,available,49.98,,76,2,10,namecheap,,
4d807c38-ffea-4fd0-bb7d-fb6078238794,overeasy.now,available,49.98,,68,8,9,namecheap,,
4d8b2651-2d05-4b7e-9e80-bd353f9d25ec,volunteering.now,available,49.98,,74,7,12,namecheap,,
4db2cc25-0803-4f83-b5c1-16708356eef9,daydreamed.now,available,38.99,38.99,62,1,10,namesilo,,
4db9a1e7-6c36-45c3-855c-828902a0519c,colleagues.now,available,38.99,38.99,56,5,10,namesilo,,
4dbd7a1a-1bb4-4d06-aeaf-d244245296b6,slugs.now,available,38.99,38.99,52,6,5,namesilo,,
4dc8390e-e714-4ad8-a1f9-0f3f1f88f5d1,havenoidea.now,available,49.98,,74,1,12,namecheap,,
4dc9d77b-8a5b-4c1b-a7cf-10786c3608e2,whynot.now,resell,,,74,39,7,Dynadot Inc,15/12/2025 15:15,15/12/2026 15:15
4de1c457-5e8c-49c6-b817-d535e4d7b9d0,speeds.now,resell,,,53,8,6,Porkbun LLC,01/12/2025 16:46,01/12/2026 16:46
4deb3ddb-7830-4fb9-a99d-14e504986317,baseplate.now,available,49.98,,66,7,10,namecheap,,
4df297c0-4045-4b1f-805e-825f22a97342,persistence.now,available,49.98,,72,12,11,namecheap,,
4e026b5d-668d-45c3-a81d-a1accdb6d916,minimumwages.now,available,38.99,38.99,52,1,13,namesilo,,
4e093a37-5800-45af-889f-0ed5f9b3547c,thumbs.now,available,49.98,,56,7,6,namecheap,,
4e74b4f0-629e-46ff-a811-cde29da83b0f,goballistic.now,available,49.98,,68,2,12,namecheap,,
4e8312c8-08ec-4209-9174-6c4989e5ac7d,Godresthissoul.now,available,49.98,,44,1,17,namecheap,,
4e8fe008-e2dd-4f1b-9d93-02c42bd28caa,comeinhandy.now,available,49.98,,76,1,13,namecheap,,
4e949a56-00f5-4d36-9bdc-dda60cd9c1e6,lunches.now,available,38.99,38.99,60,4,7,namesilo,,
4ebe6d78-9d28-4c87-8ed4-51052144f7ba,SwedishEmpire.now,available,49.98,,58,1,14,namecheap,,
4ec7d0b4-f7af-4a5b-b605-9a387c888f3e,fittogether.now,available,49.98,,80,4,12,namecheap,,
4eecb618-f094-470e-a982-fb7eb48dc338,highwater.now,available,49.98,,66,7,10,namecheap,,
4efaa4fc-bc3a-49a0-9053-841cbb6c4192,thickskinned.now,available,49.98,,52,1,13,namecheap,,
4f1b812a-5cae-4556-8e3c-a3ad08e8de00,letsomeonego.now,available,49.98,,69,1,14,namecheap,,
4f42f36b-307e-4642-b596-18643b6cf7c6,Ineedaguide.now,available,49.98,,50,1,14,namecheap,,
4f495ffa-4f63-483b-a850-cc2811fabaea,ambled.now,available,38.99,38.99,58,2,6,namesilo,,
4f4b015d-d51d-4d74-ac64-8a010a588f8b,breakfasts.now,available,49.98,,60,2,10,namecheap,,
4f5fb74c-d551-4354-a214-9cb23dd03ca1,waxpaper.now,available,49.98,,66,2,9,namecheap,,
4f61ee8a-7fc5-4d83-93e3-b38436509cf3,Imustgo.now,available,49.98,,58,1,9,namecheap,,
4f84c744-6ae2-41da-bf41-94c8fedbed97,takenotes.now,available,49.98,,74,5,10,namecheap,,
4f8b1442-4608-4c6f-9fbe-7a9d1c31c139,praises.now,available,38.99,38.99,56,3,7,namesilo,,
4fb07c36-2faa-4333-a8d2-30c6b760faa9,pizzajoint.now,available,38.99,38.99,56,2,11,namesilo,,
4fbbaa43-571d-47f9-afcd-ba262d4ef90b,relied.now,available,38.99,38.99,50,3,6,namesilo,,
4ffbc761-4d39-40b2-8451-e81d985001ed,gettingusedto.now,available,49.98,,66,1,15,namecheap,,
500367aa-2ffe-47ab-aa94-fde26faac837,ambitions.now,resell,,,64,7,9,"Spaceship, Inc.",23/04/2026 09:47,23/04/2027 09:47
5005eb65-52c5-4fe2-becc-ea90beb63ce3,predilection.now,available,49.98,,70,2,12,namecheap,,
500ff09c-cefc-45fd-8ae5-13d249df9acf,filetype.now,available,49.98,,64,3,9,namecheap,,
503a364a-d399-493b-8f49-03aa6355a702,taxfree.now,available,38.99,38.99,68,11,8,namesilo,,
503ffb81-aa1c-49a1-81b7-943682603015,divas.now,available,38.99,38.99,62,10,5,namesilo,,
50496f62-ed92-449e-95c8-4762a1bc82ec,ponders.now,available,49.98,,54,5,7,namecheap,,
508b49b4-a4b9-4e6a-8ded-d477466b14db,robots.now,resell,,,62,47,6,Unstoppable Domains Inc.,30/09/2024 13:16,30/09/2026 13:16
508c1187-29ad-449d-a68b-e9c7f73e512e,showin.now,available,49.98,,72,4,7,namecheap,,
508e9168-172f-4b6c-ad08-1012d09be633,goforth.now,available,49.98,,74,11,8,namecheap,,
5094ccef-fbcb-4d57-8386-1865889d7bae,coffeebush.now,available,49.98,,80,1,11,namecheap,,
50a0a819-ac6a-4173-b5d6-3b105065646b,IsleofWightCounty.now,available,49.98,,52,2,20,namecheap,,
50a41ee1-e677-4ef6-a26b-2f8bfff35a5c,getovertheline.now,available,49.98,,69,1,17,namecheap,,
50cbeb84-9d72-491e-a648-b6753baca3cb,FabFour.now,available,38.99,38.99,82,3,8,namesilo,,
50ed91b7-713c-4342-8790-f46cf7ce48e1,feellike.now,available,49.98,,74,3,9,namecheap,,
51003bdd-1b18-449f-addb-505709581908,uploadability.now,available,49.98,,60,1,13,namecheap,,
5105d609-56a6-4574-aa92-3d46b3d208fa,justin.now,premium,125,,58,38,7,name.com,,
511cfe16-6e08-4e72-af82-c2e108345450,squalls.now,available,49.98,,44,2,7,namecheap,,
511d2887-e9e6-4241-aac0-f668dbc9f5b6,feeltheburn.now,available,49.98,,76,2,13,namecheap,,
51365c23-bad7-44fc-bd88-27ba3d610514,asperyourrequest.now,available,49.98,,48,1,19,namecheap,,
5151c641-af48-4a2a-8042-6bbbcc477a33,makeupfriend.now,available,38.99,38.99,60,1,14,namesilo,,
5166d925-4bb2-46d2-9810-7ce0582b2418,gobythewayside.now,available,49.98,,62,1,17,namecheap,,
5173689d-21bb-4a30-8948-9daddb118e43,gonedownthetube.now,available,38.99,38.99,30,1,18,namesilo,,
51744382-1ab6-461e-aac6-152dc20396a7,responded.now,available,49.98,,52,2,9,namecheap,,
517627dc-5f97-4794-9df1-b6eecde487d6,manuallabour.now,available,49.98,,58,1,13,namecheap,,
51975664-428a-44f5-8eb2-158796c0e933,typed.now,available,49.98,,70,11,5,namecheap,,
51b1b576-fe99-424c-bfb7-41dd55186084,Icouldeatabrick.now,available,49.98,,50,1,19,namecheap,,
52048ffa-092b-46d9-b40e-ddd6fd8d18e3,referred.now,available,49.98,,52,6,8,namecheap,,
5216c57b-9506-49b6-b3d9-9f1940a2c04b,equalization.now,available,49.98,,74,1,12,namecheap,,
522b2df4-b017-4fda-9b0b-8a96c64a8169,prowlers.now,available,38.99,38.99,40,2,8,namesilo,,
5250f610-618f-4235-b3f3-0486615eaff1,CatholicChurch.now,available,49.98,,70,5,15,namecheap,,
52580252-a5c5-41a1-b572-217e20d7ae05,JusticeLeague.now,available,49.98,,52,7,14,namecheap,,
526e2541-fc1e-487f-b970-421a87c728c0,excitingness.now,available,49.98,,68,1,12,namecheap,,
5278fd1a-f32e-4e35-bd1e-589c03cbea55,faces.now,available,49.98,,60,21,5,namecheap,,
5290ec47-823f-4f86-8f97-18f5f9e753d6,ideas.now,resell,,,62,37,5,"NameCheap, Inc.",18/11/2024 08:24,18/11/2026 08:24
52b8064c-5a10-4bad-8f89-3b94f3948dcf,fanmail.now,available,49.98,,74,7,8,namecheap,,
52bf7904-49bb-4b87-b229-d77a2bac1202,snowballs.now,available,38.99,38.99,59,7,9,namesilo,,
52ce4b9a-df9f-4fad-bd24-40cb9a0eee1a,JusticeSociety.now,available,49.98,,48,1,15,namecheap,,
53027cbc-320a-4842-8d8b-d9e11228bb08,sedans.now,available,38.99,38.99,51,3,6,namesilo,,
531be373-c2dd-4186-988e-9a49fcfe7100,keepnote.now,available,49.98,,48,2,9,namecheap,,
5325e83f-b357-4194-bf27-d30b17c074f0,toboggans.now,available,49.98,,59,1,9,namecheap,,
532e0a1b-5cdf-46dc-8abf-b2a528e438e0,CountyofMitchell.now,available,38.99,38.99,42,0,18,namesilo,,
5337490c-8175-43fe-b4c8-2a2dee4cdcbe,makeovers.now,available,38.99,38.99,62,3,9,namesilo,,
535407a4-8ea2-48b0-bec4-297cacc6968f,fitthebill.now,available,49.98,,84,1,12,namecheap,,
5396f3ca-92f4-4c1f-9166-e9a8e120bd4c,gettheballrolling.now,available,49.98,,72,1,20,namecheap,,
53d55f34-87db-455a-b946-697e88d1ddc6,programmes.now,available,38.99,38.99,53,4,10,namesilo,,
53d81793-82e6-4c4c-8cb8-39c677ada42f,midlifecrisis.now,available,49.98,,58,9,15,namecheap,,
5400c5d9-927c-4bcd-83d0-ddbf5337724b,instride.now,available,49.98,,72,5,9,namecheap,,
5431e847-1ab0-43e5-9efe-31faaa7960ae,ratings.now,resell,,,53,19,7,"NameCheap, Inc.",02/11/2024 19:05,02/11/2026 19:05
543711e1-133a-4e6a-9843-8f303dec69a5,exclamations.now,available,49.98,,50,2,12,namecheap,,
5440e5c7-89b5-4d76-9a7c-40d8eccc5509,breasts.now,available,49.98,,50,9,7,namecheap,,
545eb6d2-7188-424b-a4cc-0cee20ec9ac6,coffeeglass.now,available,49.98,,80,1,12,namecheap,,
5464d9b0-65ad-4292-a95a-485dbdbf7ef1,comethrough.now,available,49.98,,78,1,12,namecheap,,
5495e28d-eebe-483f-a170-bb9aa70c2201,goinfor.now,available,38.99,38.99,74,1,9,namesilo,,
54b8de4e-63d4-4669-bdb8-b2addef9d75b,lactosefree.now,available,49.98,,74,3,12,namecheap,,
54bba083-31c5-4520-a6d2-43bdeb3350f5,satisfies.now,available,49.98,,67,2,9,namecheap,,
54d17b71-511d-4f04-ade2-3c9349e0d963,amatter.now,available,49.98,,60,2,8,namecheap,,
54d51ee7-7981-4fac-a3bb-b1e2224c4485,investors.now,resell,,,60,23,9,Dynadot Inc,16/01/2025 18:58,16/01/2027 18:58
54e59457-f686-45ea-a239-250a1b2b6b1b,streamed.now,available,49.98,,73,9,8,namecheap,,
54f43c92-8ab8-4a60-a9fe-b0e4dd914ded,divein.now,available,49.98,,76,9,7,namecheap,,
5504dc65-9b09-42b7-9b21-0d85908829c4,waxedpaper.now,available,49.98,,65,1,11,namecheap,,
55111d46-976d-484e-ab28-c9301c14b19e,justifies.now,available,38.99,38.99,52,1,9,namesilo,,
553fe65c-67f5-4be9-a509-c04e9aec2219,coffeepotful.now,available,49.98,,72,1,13,namecheap,,
558e5341-91b2-4a49-bd55-e5df1441c2ed,childmarriage.now,available,49.98,,48,2,14,namecheap,,
559839de-0d8f-4fc0-b7ac-3ae80332e9c0,thieves.now,available,49.98,,45,8,7,namecheap,,
559da0a4-c5f3-4bbd-b1c5-bb7f43eceef2,takeeffect.now,available,49.98,,70,0,11,namecheap,,
55aafc29-e883-494a-b61d-d0b7e6d6fe36,getiton.now,available,49.98,,84,3,9,namecheap,,
55b6adcf-6151-4565-964c-055d1b34a72a,likeitorleaveit.now,available,49.98,,44,2,19,namecheap,,
55f45f81-0881-471f-b394-3e606406831c,assuch.now,available,49.98,,66,1,7,namecheap,,
561b58eb-1344-4b4c-be02-4601591de290,vergeon.now,available,49.98,,68,1,8,namecheap,,
564fab1b-fe22-4ed1-a27a-0c0b84d36526,potatosalad.now,available,49.98,,70,2,12,namecheap,,
56529c04-9308-4cf8-af4d-49486af05d91,stockings.now,available,49.98,,58,6,9,namecheap,,
566a4454-b51f-483e-8ab6-248a4d1488e9,tapinto.now,available,49.98,,68,11,8,namecheap,,
5670f9a3-178f-4b7f-9d12-e14742262f27,onspecial.now,available,49.98,,52,2,10,namecheap,,
56781b46-f920-4edc-b585-7664a63dfd1e,fishtail.now,available,49.98,,68,5,9,namecheap,,
56817b48-acf9-4bc8-9611-a2c06da40689,startover.now,available,49.98,,78,6,10,namecheap,,
56850557-6a2f-4201-8bb4-2bc3b6139bf3,divinehealing.now,available,49.98,,54,7,14,namecheap,,
56a243ca-abdc-4a3b-bd58-7484305d8301,comeinfor.now,available,49.98,,76,0,11,namecheap,,
56d7903b-4b51-46a2-87c0-1bbeac38f6c0,bonfires.now,available,38.99,38.99,60,4,8,namesilo,,
571b284e-2993-4476-a0cc-e0fbc0bf3653,turningup.now,available,38.99,38.99,56,1,10,namesilo,,
572aca45-80e3-40f1-ae61-faf4e6011423,commonyears.now,available,38.99,38.99,54,1,12,namesilo,,
5740a04a-5409-4928-8564-00b726c5c02a,unsettles.now,available,38.99,38.99,43,1,9,namesilo,,
57477588-f94c-41e2-9385-d775a7df480e,ovens.now,premium,116,116,55,6,5,namesilo,,
5764bf02-586d-415b-a08d-f9441e067124,stuffit.now,available,49.98,,44,5,8,namecheap,,
5766ed4b-049b-460b-8932-360040fda4b2,Ilostmybag.now,available,49.98,,50,1,13,namecheap,,
578a7079-ec4c-41c5-a25e-6c753d21712b,comeround.now,available,49.98,,76,1,10,namecheap,,
57d7dd4a-4f3e-4767-9c59-348ba275d656,alcohols.now,available,49.98,,50,4,8,namecheap,,
57ef76e7-83f9-45b5-abc1-283be22876ef,uncles.now,available,38.99,38.99,54,5,6,namesilo,,
58304e09-c33e-4312-b686-480172e1a676,estateduty.now,available,49.98,,50,1,11,namecheap,,
58408294-4dbb-47c4-a960-d08896928c9c,natives.now,available,49.98,,56,9,7,namecheap,,
5852ead1-6201-4aaa-9c63-bef72751a392,childsextourism.now,available,38.99,38.99,30,1,17,namesilo,,
5868878b-9fbd-4e3a-a306-0c53100af413,material.now,premium,23675.79,,78,24,8,"Spaceship, Inc.",20/02/2025 17:27,20/02/2027 17:27
588230ed-d1cb-4da4-9440-5ac3bbd6ebc3,smashup.now,available,49.98,,58,5,8,namecheap,,
58d07abe-672b-43da-b1ea-9fd991ee380a,attends.now,available,49.98,,54,6,7,namecheap,,
58e5c264-2623-4af3-9bbe-2a36a3f8c6f7,Ilostmyglasses.now,available,49.98,,50,1,17,namecheap,,
58e7855e-db5d-4e79-b8b6-8385e117fbec,keepwith.now,available,49.98,,48,2,9,namecheap,,
58e81ee8-cbcb-4b0b-99c9-34648d5f6129,fasttracked.now,available,38.99,38.99,56,1,12,namesilo,,
5902d1d1-2796-46d0-b2d1-1555f8568733,commonhall.now,available,49.98,,58,1,11,namecheap,,
5904abd0-0020-4b4d-aacf-22b74c66266a,gettogether.now,resell,,,82,8,12,Dynadot Inc,12/07/2025 21:35,12/07/2027 21:35
592e37ee-f5f0-460c-b613-1fd57b662f21,hides.now,available,38.99,38.99,50,5,5,namesilo,,
5938d1c7-c8b8-4dd2-a4d4-77638abd51a9,requires.now,available,49.98,,58,4,8,namecheap,,
593dea36-02af-4334-a8ed-d31a9fb26983,privateparts.now,available,49.98,,61,3,13,namecheap,,
595e88ed-f361-4a27-99e7-55dc4b470e90,inwaiting.now,available,49.98,,50,1,10,namecheap,,
598f34e9-5387-476b-a372-0bf30578193f,liquors.now,premium,116,116,52,7,7,namesilo,,
59a00240-c149-4f35-afee-60fef2f9fcff,cheesecakes.now,available,38.99,38.99,60,4,11,namesilo,,
59a60378-c8d6-4e54-9043-e37398901af8,stared.now,available,49.98,,56,4,6,namecheap,,
59b4baca-3312-43a5-8736-1b78c00fb03a,lunchmaking.now,available,49.98,,78,1,11,namecheap,,
59f8ae6e-2b3e-423b-ad74-b61dad589273,quartertone.now,available,49.98,,70,3,12,namecheap,,
5a1d1bdb-3956-4532-ba94-babb9438ea68,Ihaveasthma.now,available,49.98,,50,1,13,namecheap,,
5a2b1ac3-49b4-4fb1-8d8d-939cb5c553b9,textures.now,available,49.98,,50,9,8,namecheap,,
5a3a829d-e386-4808-8d5d-dc797b152b97,inorderfor.now,available,49.98,,60,0,12,namecheap,,